0.9999997615814209	Compound::DB00537
0.9998315572738647	Compound::DB07991
0.9993335604667664	Compound::DB01378
0.9992122650146484	Compound::DB07126
0.999077558517456	Compound::DB02656
0.9990195035934448	Compound::DB06888
0.9981324076652527	Compound::DB07757
0.9981119632720947	Compound::DB07394
0.9964303374290466	Compound::DB07388
0.9930296540260315	Compound::DB02660
0.9927782416343689	Compound::DB00471
0.9919325709342957	Compound::DB06858
0.9889180064201355	Compound::DB02292
0.9888948202133179	Compound::DB00738
0.9863450527191162	Compound::DB01593
0.9849827885627747	Compound::DB06953
0.983331024646759	Compound::DB00656
0.9827370643615723	Compound::DB07165
0.979199230670929	Compound::DB07171
0.9785134792327881	Compound::DB07102
0.9773579835891724	Compound::DB04946
0.9757317900657654	Compound::DB00587
0.9743160605430603	Compound::DB01233
0.9717996716499329	Compound::DB07099
0.9712226986885071	Compound::DB07843
0.9698055982589722	Compound::DB04270
0.9598414301872253	Compound::DB07159
0.9582594633102417	Compound::DB01592
0.9572478532791138	Compound::DB02398
0.955525815486908	Compound::DB07779
0.9464536309242249	Compound::DB02685
0.9461771845817566	Compound::DB07232
0.9443256258964539	Compound::DB03368
0.9425676465034485	Compound::DB00979
0.9409855604171753	Compound::DB07281
0.94001305103302	Compound::DB00730
0.9380362033843994	Compound::DB07680
0.9357884526252747	Compound::DB02367
0.9284418821334839	Compound::DB01765
0.9220830202102661	Compound::DB01800
0.9176784753799438	Compound::DB03635
0.9125975966453552	Compound::DB03462
0.9125704765319824	Compound::DB00298
0.9121572971343994	Compound::DB02494
0.9115982055664062	Compound::DB06865
0.9051059484481812	Compound::DB00598
0.9016105532646179	Compound::DB07401
0.9004961848258972	Compound::DB02142
0.896425187587738	Compound::DB02712
0.8962351083755493	Compound::DB03744
0.8956398963928223	Compound::DB03940
0.8944364190101624	Compound::DB07573
0.8924066424369812	Compound::DB02709
0.8922064304351807	Compound::DB00935
0.8920379281044006	Compound::DB08287
0.889951765537262	Compound::DB00174
0.8837257027626038	Compound::DB00804
0.8830533027648926	Compound::DB02761
0.8778972029685974	Compound::DB08056
0.8777667880058289	Compound::DB06148
0.8767040967941284	Compound::DB07501
0.8720184564590454	Compound::DB01632
0.8682694435119629	Compound::DB08357
0.8663833737373352	Compound::DB03975
0.8656238913536072	Compound::DB03888
0.8565542101860046	Compound::DB04450
0.8509641289710999	Compound::DB02598
0.8504383563995361	Compound::DB03896
0.8475558757781982	Compound::DB03660
0.8449442982673645	Compound::DB04855
0.8443748950958252	Compound::DB04716
0.8435189723968506	Compound::DB01955
0.8425177335739136	Compound::DB02085
0.8422300815582275	Compound::DB00322
0.8346890211105347	Compound::DB07889
0.8295733332633972	Compound::DB07270
0.825788140296936	Compound::DB06867
0.8244301676750183	Compound::DB00489
0.823628842830658	Compound::DB07224
0.8211660385131836	Compound::DB07234
0.81968754529953	Compound::DB00822
0.8176178336143494	Compound::DB02375
0.8160732388496399	Compound::DB02126
0.8155214190483093	Compound::DB00808
0.8148908019065857	Compound::DB01535
0.8148908019065857	Compound::DB02139
0.8148908019065857	Compound::DB07179
0.8148908019065857	Compound::DB00440
0.8148908019065857	Compound::DB08194
0.8148908019065857	Compound::DB04715
0.8148908019065857	Compound::DB07598
0.8148908019065857	Compound::DB04562
0.8148908019065857	Compound::DB07397
0.8148908019065857	Compound::DB03100
0.8148908019065857	Compound::DB01050
0.8148908019065857	Compound::DB01393
0.8148908019065857	Compound::DB01623
0.8148908019065857	Compound::DB07458
0.8148908019065857	Compound::DB00327
0.8148908019065857	Compound::DB02059
0.8148833513259888	Compound::DB00443
0.8144183158874512	Compound::DB06938
0.8142722845077515	Compound::DB03060
0.8141611218452454	Compound::DB04326
0.813027024269104	Compound::DB04868
0.8127316236495972	Compound::DB00552
0.8126678466796875	Compound::DB04798
0.8124246597290039	Compound::DB00281
0.8119373917579651	Compound::DB00679
0.8117391467094421	Compound::DB08846
0.811648964881897	Compound::DB00391
0.8110719323158264	Compound::DB06314
0.8108165264129639	Compound::DB07145
0.8107432723045349	Compound::DB04739
0.8104252219200134	Compound::DB01638
0.8093376159667969	Compound::DB00543
0.8091440200805664	Compound::DB00151
0.8088604807853699	Compound::DB00831
0.8084763288497925	Compound::DB00484
0.8082130551338196	Compound::DB07269
0.8077380061149597	Compound::DB04664
0.8066049814224243	Compound::DB08320
0.805887758731842	Compound::DB06851
0.8053083419799805	Compound::DB00125
0.8024845719337463	Compound::DB08643
0.8008959889411926	Compound::DB03709
0.7997289299964905	Compound::DB08659
0.7982867360115051	Compound::DB00813
0.7973151803016663	Compound::DB08439
0.7967886924743652	Compound::DB00160
0.7967175245285034	Compound::DB04417
0.7936418056488037	Compound::DB01791
0.793136715888977	Compound::DB07660
0.7924953699111938	Compound::DB06994
0.7915542125701904	Compound::DB04821
0.7904462814331055	Compound::DB00696
0.7880270481109619	Compound::DB06711
0.7877174019813538	Compound::DB00370
0.7875744104385376	Compound::DB07121
0.787444531917572	Compound::DB00786
0.7844437956809998	Compound::DB02966
0.7839581966400146	Compound::DB02999
0.7753642201423645	Compound::DB00128
0.77397221326828	Compound::DB08229
0.769010066986084	Compound::DB01708
0.7638341188430786	Compound::DB07847
0.7616109251976013	Compound::DB02234
0.7614687085151672	Compound::DB08397
0.7599623203277588	Compound::DB00933
0.7588006258010864	Compound::DB03147
0.7570682764053345	Compound::DB07231
0.7553179264068604	Compound::DB04608
0.7547181248664856	Compound::DB00943
0.7444841861724854	Compound::DB00121
0.7443717122077942	Compound::DB01129
0.7434387803077698	Compound::DB00195
0.737058162689209	Compound::DB07190
0.7330955266952515	Compound::DB04531
0.7307440042495728	Compound::DB04014
0.7283363342285156	Compound::DB01151
0.7274541854858398	Compound::DB08019
0.7266857624053955	Compound::DB03663
0.721930980682373	Compound::DB03626
0.7191910147666931	Compound::DB04237
0.7171759605407715	Compound::DB02289
0.7169618010520935	Compound::DB00866
0.7148759961128235	Compound::DB07557
0.7123691439628601	Compound::DB08339
0.7105435729026794	Compound::DB01127
0.7069706916809082	Compound::DB00117
0.7062382102012634	Compound::DB08068
0.7054896354675293	Compound::DB03864
0.7054110765457153	Compound::DB00536
0.7033950090408325	Compound::DB04690
0.7008188366889954	Compound::DB02134
0.6997677683830261	Compound::DB01915
0.69350266456604	Compound::DB00458
0.693500280380249	Compound::DB08271
0.6933743953704834	Compound::DB08064
0.6924432516098022	Compound::DB04522
0.687532901763916	Compound::DB01062
0.68706214427948	Compound::DB08070
0.6858487725257874	Compound::DB08609
0.6853042840957642	Compound::DB04689
0.6750035285949707	Compound::DB02669
0.6747047901153564	Compound::DB00131
0.6730092763900757	Compound::DB04559
0.6670271158218384	Compound::DB01709
0.6649709343910217	Compound::DB00268
0.661584734916687	Compound::DB08073
0.6511045098304749	Compound::DB07091
0.6489168405532837	Compound::DB02020
0.6475391387939453	Compound::DB07912
0.6373208165168762	Compound::DB00580
0.635068953037262	Compound::DB00706
0.6344617009162903	Compound::DB03767
0.6303233504295349	Compound::DB00422
0.6293907761573792	Compound::DB00544
0.6269450783729553	Compound::DB00316
0.6266348361968994	Compound::DB00977
0.6215855479240417	Compound::DB01822
0.6210335493087769	Compound::DB08631
0.620660126209259	Compound::DB07460
0.6188687682151794	Compound::DB08473
0.6157970428466797	Compound::DB00457
0.6153371930122375	Compound::DB02963
0.61487877368927	Compound::DB07946
0.6137227416038513	Compound::DB01946
0.6006217002868652	Compound::DB00119
0.5965901017189026	Compound::DB04842
0.5952515602111816	Compound::DB01734
0.5940225720405579	Compound::DB03994
0.5915717482566833	Compound::DB00161
0.5910648703575134	Compound::DB07254
0.588294506072998	Compound::DB07719
0.5867900252342224	Compound::DB00143
0.5829995274543762	Compound::DB01536
0.5829539895057678	Compound::DB02883
0.5785486102104187	Compound::DB07280
0.5733961462974548	Compound::DB01772
0.5725427865982056	Compound::DB02112
0.5660372972488403	Compound::DB00491
0.5613560676574707	Compound::DB00396
0.5581783056259155	Compound::DB00920
0.5552007555961609	Compound::DB01454
0.5535405874252319	Compound::DB02249
0.5477007627487183	Compound::DB00559
0.543819785118103	Compound::DB08482
0.5370048880577087	Compound::DB04098
0.5354009866714478	Compound::DB02763
0.5334060192108154	Compound::DB04552
0.5331191420555115	Compound::DB07839
0.5306347608566284	Compound::DB07645
0.5285923480987549	Compound::DB07874
0.5147249698638916	Compound::DB01162
0.5147228837013245	Compound::DB00123
0.5080134272575378	Compound::DB00513
0.506962776184082	Compound::DB02327
0.5045957565307617	Compound::DB04505
0.49932029843330383	Compound::DB04657
0.49877622723579407	Compound::DB04573
0.4949813187122345	Compound::DB06891
0.4928736388683319	Compound::DB06144
0.4902704060077667	Compound::DB00670
0.4876881539821625	Compound::DB03467
0.4821498394012451	Compound::DB00472
0.48144233226776123	Compound::DB04661
0.4704091548919678	Compound::DB08385
0.46879345178604126	Compound::DB06898
0.4683974087238312	Compound::DB07245
0.46418046951293945	Compound::DB08507
0.457846075296402	Compound::DB00964
0.44100916385650635	Compound::DB07586
0.4381026029586792	Compound::DB06905
0.43500253558158875	Compound::DB07754
0.4342223107814789	Compound::DB08135
0.4340786337852478	Compound::DB01997
0.42503124475479126	Compound::DB07643
0.4248180687427521	Compound::DB02486
0.42281511425971985	Compound::DB00708
0.4205552041530609	Compound::DB04672
0.4174126982688904	Compound::DB01836
0.4128377437591553	Compound::DB08462
0.41233494877815247	Compound::DB01762
0.40557026863098145	Compound::DB08132
0.40344035625457764	Compound::DB00127
0.40202152729034424	Compound::DB00755
0.40087324380874634	Compound::DB07666
0.398131400346756	Compound::DB00335
0.3923090994358063	Compound::DB00421
0.38645997643470764	Compound::DB02701
0.38523903489112854	Compound::DB02884
0.3841233551502228	Compound::DB07772
0.3839774429798126	Compound::DB04489
0.3793841302394867	Compound::DB07082
0.37705928087234497	Compound::DB08537
0.3743970990180969	Compound::DB00756
0.37428417801856995	Compound::DB07641
0.37355461716651917	Compound::DB07503
0.36786356568336487	Compound::DB01776
0.3677327632904053	Compound::DB01472
0.3651503622531891	Compound::DB00433
0.3638972342014313	Compound::DB08134
0.36222726106643677	Compound::DB00285
0.35584232211112976	Compound::DB07527
0.3489287197589874	Compound::DB00122
0.34342676401138306	Compound::DB04519
0.3425491452217102	Compound::DB00715
0.34134241938591003	Compound::DB03019
0.3409227728843689	Compound::DB02659
0.3388361930847168	Compound::DB03639
0.3327944576740265	Compound::DB03370
0.33060115575790405	Compound::DB00311
0.328921914100647	Compound::DB13919
0.3284674882888794	Compound::DB01917
0.32599639892578125	Compound::DB00829
0.312173455953598	Compound::DB07230
0.3109009563922882	Compound::DB08247
0.30998483300209045	Compound::DB01039
0.3081522285938263	Compound::DB03374
0.3052152991294861	Compound::DB07734
0.2942318320274353	Compound::DB04275
0.2899729907512665	Compound::DB01645
0.28991764783859253	Compound::DB01136
0.2886667847633362	Compound::DB00809
0.28865402936935425	Compound::DB04585
0.2796276807785034	Compound::DB07198
0.2759687602519989	Compound::DB07531
0.27551811933517456	Compound::DB00317
0.2751306891441345	Compound::DB08595
0.2744503915309906	Compound::DB00343
0.27196255326271057	Compound::DB00328
0.2713870108127594	Compound::DB02386
0.26986584067344666	Compound::DB00571
0.2697356343269348	Compound::DB00273
0.26808950304985046	Compound::DB08257
0.2678774893283844	Compound::DB00655
0.26596495509147644	Compound::DB08641
0.2628227472305298	Compound::DB01110
0.2626723647117615	Compound::DB02813
0.2603798806667328	Compound::DB08522
0.2554723620414734	Compound::DB02838
0.25450676679611206	Compound::DB08148
0.24814796447753906	Compound::DB04076
0.24656014144420624	Compound::DB08448
0.2451568990945816	Compound::DB07395
0.24349111318588257	Compound::DB02263
0.24304790794849396	Compound::DB01677
0.24197544157505035	Compound::DB04297
0.23888905346393585	Compound::DB07093
0.23614975810050964	Compound::DB00637
0.235687255859375	Compound::DB07747
0.2350190430879593	Compound::DB07556
0.23260344564914703	Compound::DB02196
0.2302098125219345	Compound::DB00158
0.22812367975711823	Compound::DB07124
0.2277163863182068	Compound::DB07930
0.223390594124794	Compound::DB00307
0.22311758995056152	Compound::DB06709
0.22023265063762665	Compound::DB00149
0.21853041648864746	Compound::DB03336
0.2158457338809967	Compound::DB02845
0.21493591368198395	Compound::DB01750
0.212215393781662	Compound::DB00187
0.21152931451797485	Compound::DB04175
0.211201474070549	Compound::DB07181
0.20725780725479126	Compound::DB03777
0.2048487365245819	Compound::DB00579
0.20428091287612915	Compound::DB04376
0.20378699898719788	Compound::DB02255
0.2021552473306656	Compound::DB07008
0.1985478699207306	Compound::DB02104
0.19706915318965912	Compound::DB01686
0.19511985778808594	Compound::DB08084
0.19391672313213348	Compound::DB02143
0.18879926204681396	Compound::DB08493
0.1838693469762802	Compound::DB08166
0.1834772229194641	Compound::DB07737
0.17867808043956757	Compound::DB06942
0.17842987179756165	Compound::DB04109
0.17842882871627808	Compound::DB08003
0.17834866046905518	Compound::DB01349
0.17627102136611938	Compound::DB07335
0.17555563151836395	Compound::DB08262
0.17205998301506042	Compound::DB03346
0.17010396718978882	Compound::DB01071
0.16971950232982635	Compound::DB03288
0.16962066292762756	Compound::DB06594
0.16879115998744965	Compound::DB02861
0.1668049544095993	Compound::DB06899
0.16591987013816833	Compound::DB07831
0.16463053226470947	Compound::DB03337
0.16458368301391602	Compound::DB02538
0.16311238706111908	Compound::DB07901
0.1611148864030838	Compound::DB01941
0.1606949418783188	Compound::DB08365
0.1604488492012024	Compound::DB00774
0.15847858786582947	Compound::DB00783
0.15685038268566132	Compound::DB07630
0.1504986733198166	Compound::DB08142
0.1494375318288803	Compound::DB07014
0.14923924207687378	Compound::DB04464
0.14751628041267395	Compound::DB08244
0.1470150649547577	Compound::DB08312
0.14676901698112488	Compound::DB08133
0.14566680788993835	Compound::DB00558
0.1452101171016693	Compound::DB04152
0.14494860172271729	Compound::DB02508
0.14260797202587128	Compound::DB07248
0.14225994050502777	Compound::DB02915
0.14176736772060394	Compound::DB04648
0.1417474001646042	Compound::DB04048
0.14086459577083588	Compound::DB01761
0.14064273238182068	Compound::DB03628
0.1374640166759491	Compound::DB01183
0.13698111474514008	Compound::DB01242
0.13664337992668152	Compound::DB04530
0.1359826773405075	Compound::DB01100
0.12827013432979584	Compound::DB01283
0.12743473052978516	Compound::DB08466
0.12737101316452026	Compound::DB01132
0.1267118602991104	Compound::DB01826
0.12644222378730774	Compound::DB07545
0.12593670189380646	Compound::DB03750
0.12311085313558578	Compound::DB00276
0.12192979454994202	Compound::DB02979
0.11736967414617538	Compound::DB04186
0.11361140757799149	Compound::DB07662
0.11312590539455414	Compound::DB08355
0.1121504157781601	Compound::DB01069
0.11181049048900604	Compound::DB02473
0.11137372255325317	Compound::DB00589
0.11107122153043747	Compound::DB00495
0.10972630977630615	Compound::DB03924
0.108075350522995	Compound::DB07172
0.106927789747715	Compound::DB03073
0.1060459092259407	Compound::DB03876
0.10508773475885391	Compound::DB08040
0.10194778442382812	Compound::DB07595
0.1014486774802208	Compound::DB00419
0.09977071732282639	Compound::DB03262
0.09921491146087646	Compound::DB08239
0.09899721294641495	Compound::DB02768
0.0987681970000267	Compound::DB07862
0.09856154024600983	Compound::DB03785
0.09801971167325974	Compound::DB02210
0.0977499857544899	Compound::DB00208
0.0975688174366951	Compound::DB00398
0.097325399518013	Compound::DB03428
0.09729685634374619	Compound::DB07428
0.09535697847604752	Compound::DB04683
0.09487023949623108	Compound::DB07854
0.09413115680217743	Compound::DB00812
0.09385203570127487	Compound::DB03801
0.09203238040208817	Compound::DB08001
0.09155969321727753	Compound::DB02340
0.09068672358989716	Compound::DB00583
0.08935035765171051	Compound::DB01143
0.0892457515001297	Compound::DB04074
0.08910799771547318	Compound::DB02429
0.08897000551223755	Compound::DB04459
0.08843071758747101	Compound::DB07138
0.08797737210988998	Compound::DB02103
0.08676015585660934	Compound::DB00872
0.0862206518650055	Compound::DB04601
0.08372624963521957	Compound::DB01628
0.08366735279560089	Compound::DB07800
0.0829082727432251	Compound::DB07003
0.08265383541584015	Compound::DB07876
0.08235405385494232	Compound::DB01173
0.07999436557292938	Compound::DB00145
0.07826072722673416	Compound::DB08080
0.07819245755672455	Compound::DB06996
0.07814017683267593	Compound::DB00157
0.07795001566410065	Compound::DB06860
0.07694793492555618	Compound::DB00938
0.07590121030807495	Compound::DB00703
0.07545430958271027	Compound::DB01782
0.07515048235654831	Compound::DB01224
0.07452158629894257	Compound::DB08058
0.07444243133068085	Compound::DB00172
0.07405626773834229	Compound::DB02544
0.07205953449010849	Compound::DB07592
0.07197505235671997	Compound::DB02129
0.07117544114589691	Compound::DB07852
0.06983418762683868	Compound::DB03800
0.06938787549734116	Compound::DB07405
0.06799007952213287	Compound::DB08077
0.06782558560371399	Compound::DB00129
0.06778667122125626	Compound::DB03737
0.0665835440158844	Compound::DB06948
0.06622378528118134	Compound::DB03564
0.06589611619710922	Compound::DB03796
0.06574054807424545	Compound::DB04741
0.06530648469924927	Compound::DB08046
0.06259644031524658	Compound::DB04474
0.062207095324993134	Compound::DB04371
0.06203759089112282	Compound::DB04271
0.06192833557724953	Compound::DB08094
0.060797885060310364	Compound::DB03343
0.06073400378227234	Compound::DB01024
0.06064312905073166	Compound::DB00508
0.06016403064131737	Compound::DB07755
0.058500196784734726	Compound::DB07583
0.058236490935087204	Compound::DB04115
0.05647187680006027	Compound::DB08844
0.056104447692632675	Compound::DB07714
0.054424356669187546	Compound::DB04407
0.05439414083957672	Compound::DB08165
0.05332746356725693	Compound::DB00142
0.053160227835178375	Compound::DB07612
0.053042586892843246	Compound::DB00834
0.0503462478518486	Compound::DB01618
0.05025006830692291	Compound::DB07827
0.04976328834891319	Compound::DB03270
0.04895540326833725	Compound::DB02045
0.04814043268561363	Compound::DB06976
0.047095250338315964	Compound::DB07632
0.046239763498306274	Compound::DB00323
0.04568959027528763	Compound::DB07029
0.04492907598614693	Compound::DB01268
0.04462955892086029	Compound::DB07859
0.04423817992210388	Compound::DB00741
0.04371503368020058	Compound::DB08351
0.04310709983110428	Compound::DB08256
0.04164319485425949	Compound::DB01811
0.04124545678496361	Compound::DB00780
0.04089849442243576	Compound::DB00574
0.03989218920469284	Compound::DB00481
0.03985356166958809	Compound::DB07783
0.0389847606420517	Compound::DB02731
0.038105159997940063	Compound::DB07533
0.036806341260671616	Compound::DB02833
0.036366477608680725	Compound::DB03661
0.035861771553754807	Compound::DB07444
0.03540075570344925	Compound::DB02141
0.03454526513814926	Compound::DB00201
0.03335510939359665	Compound::DB08072
0.03326715528964996	Compound::DB04250
0.032600488513708115	Compound::DB07607
0.0320357084274292	Compound::DB03953
0.031912028789520264	Compound::DB02352
0.030831381678581238	Compound::DB07450
0.030576827004551888	Compound::DB08330
0.030420493334531784	Compound::DB01245
0.030240872874855995	Compound::DB00551
0.030085870996117592	Compound::DB07015
0.02917012758553028	Compound::DB06207
0.028988046571612358	Compound::DB01092
0.028943007811903954	Compound::DB00784
0.028926875442266464	Compound::DB07272
0.028744706884026527	Compound::DB07347
0.027998408302664757	Compound::DB02232
0.027918854728341103	Compound::DB03429
0.02739894762635231	Compound::DB02987
0.027314363047480583	Compound::DB01988
0.027195552363991737	Compound::DB07488
0.026468679308891296	Compound::DB03899
0.026424624025821686	Compound::DB00709
0.026216374710202217	Compound::DB01422
0.025659605860710144	Compound::DB08632
0.025023583322763443	Compound::DB01656
0.024434629827737808	Compound::DB07562
0.02436324581503868	Compound::DB04537
0.024075372144579887	Compound::DB03865
0.024041416123509407	Compound::DB03006
0.02395862340927124	Compound::DB07596
0.023907644674181938	Compound::DB08436
0.023724207654595375	Compound::DB07065
0.02326989732682705	Compound::DB08645
0.023020848631858826	Compound::DB07902
0.022919725626707077	Compound::DB02854
0.02233097516000271	Compound::DB07724
0.021732989698648453	Compound::DB07000
0.02159745618700981	Compound::DB07265
0.021376652643084526	Compound::DB07832
0.02086682803928852	Compound::DB04829
0.020199168473482132	Compound::DB02089
0.019988883286714554	Compound::DB02049
0.01926960051059723	Compound::DB04140
0.018881455063819885	Compound::DB00590
0.018400898203253746	Compound::DB00695
0.01801142282783985	Compound::DB04267
0.01789998449385166	Compound::DB07863
0.01774783246219158	Compound::DB08450
0.01762150041759014	Compound::DB02175
0.01756681501865387	Compound::DB00448
0.017544880509376526	Compound::DB07161
0.017382243648171425	Compound::DB01011
0.01704840175807476	Compound::DB03411
0.01693548634648323	Compound::DB03636
0.016835259273648262	Compound::DB00257
0.01667628064751625	Compound::DB03880
0.016146402806043625	Compound::DB02530
0.015727363526821136	Compound::DB06288
0.015524862334132195	Compound::DB08039
0.014768995344638824	Compound::DB00945
0.014738485217094421	Compound::DB07217
0.014623281545937061	Compound::DB02184
0.01447985414415598	Compound::DB04604
0.014390808530151844	Compound::DB04216
0.014175583608448505	Compound::DB07362
0.014008321799337864	Compound::DB08577
0.013822364620864391	Compound::DB07277
0.013568504713475704	Compound::DB07403
0.01339755766093731	Compound::DB06831
0.013258208520710468	Compound::DB02302
0.013115566223859787	Compound::DB08121
0.012940807268023491	Compound::DB03449
0.012873360887169838	Compound::DB00321
0.012847155332565308	Compound::DB07587
0.01268223486840725	Compound::DB07088
0.012364676222205162	Compound::DB04018
0.012219269759953022	Compound::DB01184
0.012073363177478313	Compound::DB08369
0.011212378740310669	Compound::DB02994
0.01061159186065197	Compound::DB00255
0.0105617456138134	Compound::DB03329
0.010219331830739975	Compound::DB01646
0.010062837041914463	Compound::DB00199
0.009952859953045845	Compound::DB00470
0.00972898118197918	Compound::DB01884
0.009251154027879238	Compound::DB07239
0.009245587512850761	Compound::DB04581
0.009050114080309868	Compound::DB03128
0.008917395956814289	Compound::DB08059
0.008868764154613018	Compound::DB07453
0.008576706983149052	Compound::DB07794
0.008387033827602863	Compound::DB03854
0.008195240050554276	Compound::DB08242
0.007754722610116005	Compound::DB08399
0.007739671505987644	Compound::DB00227
0.007393958978354931	Compound::DB04310
0.007349144201725721	Compound::DB03316
0.007157040294259787	Compound::DB08660
0.007097980938851833	Compound::DB08079
0.007016817107796669	Compound::DB03866
0.0069312951527535915	Compound::DB07216
0.00690525071695447	Compound::DB04699
0.006904007866978645	Compound::DB07376
0.006751346401870251	Compound::DB07780
0.006686311215162277	Compound::DB02266
0.006596223916858435	Compound::DB00623
0.006517974194139242	Compound::DB01194
0.00649937242269516	Compound::DB03136
0.006370868068188429	Compound::DB00717
0.006294917315244675	Compound::DB07149
0.006265863310545683	Compound::DB08593
0.006241954397410154	Compound::DB01711
0.005779794417321682	Compound::DB01238
0.005760421045124531	Compound::DB00353
0.005717909429222345	Compound::DB03067
0.005560338031500578	Compound::DB03365
0.005457506515085697	Compound::DB00409
0.005438400432467461	Compound::DB01359
0.005395190790295601	Compound::DB06853
0.005309600383043289	Compound::DB03121
0.005257973447442055	Compound::DB03152
0.005151151679456234	Compound::DB01665
0.005070814862847328	Compound::DB08391
0.004987714346498251	Compound::DB00501
0.004975905641913414	Compound::DB01795
0.004955381620675325	Compound::DB01267
0.00490344176068902	Compound::DB03523
0.004860945511609316	Compound::DB01858
0.004719072487205267	Compound::DB03082
0.004674562253057957	Compound::DB07066
0.004594914615154266	Compound::DB04185
0.0044785477221012115	Compound::DB01630
0.004459657706320286	Compound::DB07330
0.004390675108879805	Compound::DB07589
0.004283242858946323	Compound::DB02893
0.003964018542319536	Compound::DB07908
0.003638483816757798	Compound::DB02388
0.0032349638640880585	Compound::DB00575
0.003224791958928108	Compound::DB07223
0.0031464039348065853	Compound::DB08463
0.0031061263289302588	Compound::DB04600
0.0030702659860253334	Compound::DB03107
0.00306099746376276	Compound::DB06954
0.003027970204129815	Compound::DB06945
0.0029202839359641075	Compound::DB08341
0.002828564727678895	Compound::DB00180
0.0028251169715076685	Compound::DB08136
0.0027997097931802273	Compound::DB02762
0.0027890335768461227	Compound::DB00173
0.002783418633043766	Compound::DB03556
0.0027420539408922195	Compound::DB06909
0.002732686698436737	Compound::DB04141
0.0026960468385368586	Compound::DB03890
0.002644564025104046	Compound::DB03490
0.002641361439600587	Compound::DB06837
0.002632109448313713	Compound::DB01948
0.002570598851889372	Compound::DB01951
0.0025248671881854534	Compound::DB08259
0.0025121252983808517	Compound::DB00530
0.002491207094863057	Compound::DB06933
0.002468695631250739	Compound::DB07130
0.002416616538539529	Compound::DB03837
0.00240308977663517	Compound::DB02583
0.0023952240590006113	Compound::DB01144
0.0023056406062096357	Compound::DB05521
0.0022924086079001427	Compound::DB04545
0.002242115791887045	Compound::DB04343
0.002215801505371928	Compound::DB07033
0.002199649577960372	Compound::DB00960
0.0021815826185047626	Compound::DB03476
0.0021226287353783846	Compound::DB03695
0.0020983207505196333	Compound::DB01621
0.00201310683041811	Compound::DB02613
0.0019961227662861347	Compound::DB06694
0.001877053640782833	Compound::DB07994
0.0018413416109979153	Compound::DB07312
0.0018202420324087143	Compound::DB07954
0.0018183056963607669	Compound::DB08626
0.0016012295382097363	Compound::DB02482
0.0015260253567248583	Compound::DB04828
0.0015173807041719556	Compound::DB01497
0.0015126056969165802	Compound::DB02597
0.0013866659719496965	Compound::DB07431
0.0013593722833320498	Compound::DB03807
0.0013318551937118173	Compound::DB07115
0.0012795858783647418	Compound::DB07637
0.0012273092288523912	Compound::DB06999
0.0012078811414539814	Compound::DB00846
0.0011962559074163437	Compound::DB04307
0.001165430061519146	Compound::DB08049
0.0011617230484262109	Compound::DB06842
0.001106640906073153	Compound::DB02736
0.0010656568920239806	Compound::DB03216
0.0010268589248880744	Compound::DB00408
0.0010198841337114573	Compound::DB07125
0.001016882248222828	Compound::DB07685
0.001013679662719369	Compound::DB01087
0.0009836878161877394	Compound::DB07050
0.0009660513023845851	Compound::DB08389
0.0009272338938899338	Compound::DB03867
0.0009229334536939859	Compound::DB07119
0.0009117554873228073	Compound::DB01182
0.0008981605060398579	Compound::DB02400
0.0008570023928768933	Compound::DB00503
0.0007819068850949407	Compound::DB00988
0.0007673041545785964	Compound::DB07407
0.0007095350883901119	Compound::DB08302
0.0006744986749254167	Compound::DB03351
0.0006433218950405717	Compound::DB07455
0.0006077511934563518	Compound::DB02395
0.0006054524565115571	Compound::DB08546
0.0005902315024286509	Compound::DB02728
0.0005562945734709501	Compound::DB07993
0.0005511955241672695	Compound::DB00797
0.0005469219759106636	Compound::DB08248
0.0005415927735157311	Compound::DB07995
0.0004405533254612237	Compound::DB06944
0.00043287320295348763	Compound::DB07013
0.0004168915038462728	Compound::DB04747
0.00041428490658290684	Compound::DB01758
0.0004122585814911872	Compound::DB02998
0.0004047835245728493	Compound::DB08329
0.00039403734263032675	Compound::DB00277
0.00038778543239459395	Compound::DB00114
0.00037335758679546416	Compound::DB01959
0.0003594313748180866	Compound::DB08489
0.00035861317883245647	Compound::DB08416
0.0003568324900697917	Compound::DB00344
0.0003373401123099029	Compound::DB01019
0.00033276379690505564	Compound::DB01212
0.00032310455571860075	Compound::DB00640
0.00031968721305020154	Compound::DB08557
0.00030921294819563627	Compound::DB07804
0.0002996566181536764	Compound::DB08653
0.0002963512670248747	Compound::DB01001
0.00029099720995873213	Compound::DB04841
0.0002877613005694002	Compound::DB00477
0.0002670279936864972	Compound::DB06729
0.00026571701164357364	Compound::DB00661
0.0002646392385940999	Compound::DB00502
0.0002591619559098035	Compound::DB00320
0.0002581348526291549	Compound::DB01866
0.00025059093604795635	Compound::DB04878
0.0002454158093314618	Compound::DB07763
0.0002292458084411919	Compound::DB04787
0.00022231352340895683	Compound::DB08202
0.00021685707906726748	Compound::DB01009
0.00021183000353630632	Compound::DB08052
0.00021171571279410273	Compound::DB04606
0.00021083539468236268	Compound::DB02464
0.0002092688373522833	Compound::DB02029
0.00020208203932270408	Compound::DB02216
0.00019938853802159429	Compound::DB01537
0.00019892178534064442	Compound::DB03419
0.00019821312162093818	Compound::DB04338
0.00019786095072049648	Compound::DB04113
0.00019708108447957784	Compound::DB08492
0.0001935048494488001	Compound::DB03005
0.00019279321713838726	Compound::DB03575
0.00018875642854254693	Compound::DB00841
0.00018499769794289023	Compound::DB01065
0.00018314729095436633	Compound::DB07720
0.0001779917220119387	Compound::DB00202
0.00017640336591284722	Compound::DB07433
0.00017131635104306042	Compound::DB08845
0.00016844445781316608	Compound::DB01231
0.00016826212231535465	Compound::DB07728
0.00015881177387200296	Compound::DB01083
0.0001502871309639886	Compound::DB00482
0.00014899908273946494	Compound::DB08168
0.00014142483996693045	Compound::DB00819
0.0001314700930379331	Compound::DB01015
0.00012654997408390045	Compound::DB04151
0.0001259547716472298	Compound::DB02057
0.00011324475053697824	Compound::DB01647
0.00010403719352325425	Compound::DB02145
0.00010066791583085433	Compound::DB01852
9.886523912427947e-05	Compound::DB00936
9.499974839854985e-05	Compound::DB08224
8.912111661629751e-05	Compound::DB00376
8.226102363551036e-05	Compound::DB00171
7.93365397839807e-05	Compound::DB07079
7.843774073990062e-05	Compound::DB06967
7.448225369444117e-05	Compound::DB00788
7.242079300340265e-05	Compound::DB08037
7.15501737431623e-05	Compound::DB01742
5.9299174608895555e-05	Compound::DB07608
5.4613439715467393e-05	Compound::DB01983
5.408231299952604e-05	Compound::DB07242
5.244606654741801e-05	Compound::DB02091
5.1485647418303415e-05	Compound::DB00387
4.853735299548134e-05	Compound::DB02952
4.8113332013599575e-05	Compound::DB04377
4.174293644609861e-05	Compound::DB07252
3.9068905607564375e-05	Compound::DB07512
3.7795674870721996e-05	Compound::DB07086
3.7582973163807765e-05	Compound::DB06971
3.7532110582105815e-05	Compound::DB07978
3.5607725294539705e-05	Compound::DB07206
3.535611540428363e-05	Compound::DB08454
3.4561533539090306e-05	Compound::DB00382
3.225573163945228e-05	Compound::DB00963
3.173992445226759e-05	Compound::DB07947
3.0417351808864623e-05	Compound::DB07053
2.8496218874352053e-05	Compound::DB08099
2.7440797566669062e-05	Compound::DB03129
2.5965551685658284e-05	Compound::DB04365
2.4390323233092204e-05	Compound::DB07486
2.374481118749827e-05	Compound::DB07949
2.372844573983457e-05	Compound::DB01400
2.2497655663755722e-05	Compound::DB00235
2.117488838848658e-05	Compound::DB07508
2.0682786271208897e-05	Compound::DB01857
1.9053706637350842e-05	Compound::DB07134
1.8836128219845705e-05	Compound::DB08054
1.86382148967823e-05	Compound::DB08895
1.840241384343244e-05	Compound::DB02567
1.6445208530058153e-05	Compound::DB08255
1.608205639058724e-05	Compound::DB03589
1.5358398741227575e-05	Compound::DB07688
1.5303805412258953e-05	Compound::DB03046
1.4793056834605522e-05	Compound::DB06871
1.425090158591047e-05	Compound::DB08597
1.3603243132820353e-05	Compound::DB01018
1.3395412679528818e-05	Compound::DB08210
1.2992524716537446e-05	Compound::DB00898
1.1840824299724773e-05	Compound::DB01227
1.1671132597257383e-05	Compound::DB08564
1.1558121514099184e-05	Compound::DB00934
1.1420677765272558e-05	Compound::DB04120
1.1393644854251761e-05	Compound::DB01176
1.132469333242625e-05	Compound::DB07235
1.0601888789096847e-05	Compound::DB07829
9.442538612347562e-06	Compound::DB08030
9.031911758938804e-06	Compound::DB01962
9.017358024721034e-06	Compound::DB02676
8.906033144739922e-06	Compound::DB00966
7.738671229162719e-06	Compound::DB08533
7.66917673900025e-06	Compound::DB04463
7.4561626206559595e-06	Compound::DB04751
7.4365484579175245e-06	Compound::DB04254
7.3181913649023045e-06	Compound::DB03345
7.226355592138134e-06	Compound::DB08053
7.221663508971687e-06	Compound::DB02071
7.09300184098538e-06	Compound::DB07268
7.015938535914756e-06	Compound::DB02481
6.584784841834335e-06	Compound::DB00697
5.627824521070579e-06	Compound::DB07791
5.281124686007388e-06	Compound::DB03910
5.167044946574606e-06	Compound::DB06919
5.135006631462602e-06	Compound::DB03900
4.697015810961602e-06	Compound::DB01259
4.587680450640619e-06	Compound::DB08180
4.254277428117348e-06	Compound::DB02611
4.237913799443049e-06	Compound::DB07315
3.924832071788842e-06	Compound::DB00147
3.910186933353543e-06	Compound::DB01919
3.8377256714738905e-06	Compound::DB02159
3.664192036012537e-06	Compound::DB00563
3.571567731341929e-06	Compound::DB00333
3.4012798550975276e-06	Compound::DB01809
3.3788335258577717e-06	Compound::DB00820
2.7923272227781126e-06	Compound::DB00678
2.7040123313781805e-06	Compound::DB03044
2.673868266356294e-06	Compound::DB07260
2.534609393478604e-06	Compound::DB04478
2.47417460741417e-06	Compound::DB00726
2.3336319827649277e-06	Compound::DB08300
2.2832157355878735e-06	Compound::DB04707
2.1771934370917734e-06	Compound::DB04745
2.034180852206191e-06	Compound::DB07964
1.9774483916989993e-06	Compound::DB00456
1.9041543737330358e-06	Compound::DB07303
1.8565552863947232e-06	Compound::DB07471
1.7564930203661788e-06	Compound::DB03496
1.5492029206143343e-06	Compound::DB00540
1.4889718613630976e-06	Compound::DB01326
1.3598343002740876e-06	Compound::DB04107
1.204893806061591e-06	Compound::DB07835
1.1404941915316158e-06	Compound::DB01105
1.1219252655791934e-06	Compound::DB00248
1.1168331184308045e-06	Compound::DB03255
1.1149952570121968e-06	Compound::DB00810
1.1051814681195538e-06	Compound::DB04633
1.0527307949814713e-06	Compound::DB00120
8.372628599317977e-07	Compound::DB01254
8.286796742140723e-07	Compound::DB03207
7.655597755729104e-07	Compound::DB03298
7.48098784697504e-07	Compound::DB01964
5.85289797072619e-07	Compound::DB00967
5.571431529460824e-07	Compound::DB00242
5.444503017315583e-07	Compound::DB07186
5.145307113707531e-07	Compound::DB07427
4.887072009296389e-07	Compound::DB06925
4.3614593892016273e-07	Compound::DB08398
4.2176111492153723e-07	Compound::DB00402
4.103727064830309e-07	Compound::DB07321
4.0001251022658835e-07	Compound::DB08029
3.8308036209855345e-07	Compound::DB01210
3.059629136714648e-07	Compound::DB03359
2.904965299421747e-07	Compound::DB07715
2.594156285340432e-07	Compound::DB07339
2.5731930008987547e-07	Compound::DB07326
2.2796355381160538e-07	Compound::DB00415
2.270167982487692e-07	Compound::DB07036
2.0658920618643606e-07	Compound::DB04763
1.908290556684733e-07	Compound::DB08569
1.8639161680766847e-07	Compound::DB07651
1.8229053466711775e-07	Compound::DB08301
1.693344984232681e-07	Compound::DB07143
1.6845183381519746e-07	Compound::DB00188
1.6418677262208803e-07	Compound::DB00150
1.5623751892235305e-07	Compound::DB07346
1.520606787153156e-07	Compound::DB03976
1.3755969519024802e-07	Compound::DB04462
1.147111703403425e-07	Compound::DB04050
1.0247752868508542e-07	Compound::DB02546
9.261552236239368e-08	Compound::DB08285
9.19000484600474e-08	Compound::DB07778
8.462306055889712e-08	Compound::DB06882
7.883630104288386e-08	Compound::DB04616
7.33674170305676e-08	Compound::DB01229
6.565733201568946e-08	Compound::DB04090
6.516714279314328e-08	Compound::DB07083
5.3747953643323854e-08	Compound::DB04166
5.2127795413525746e-08	Compound::DB00850
5.1907733222833485e-08	Compound::DB00368
4.689544752523034e-08	Compound::DB08422
4.601104564017078e-08	Compound::DB01149
4.4739838500618134e-08	Compound::DB03982
4.425168143029623e-08	Compound::DB00714
4.0594610339894643e-08	Compound::DB08061
3.923638303149346e-08	Compound::DB04864
3.5464772452087345e-08	Compound::DB07538
3.2425280238612686e-08	Compound::DB02962
3.14361088271653e-08	Compound::DB08325
3.114415036975515e-08	Compound::DB07836
2.7975216809750236e-08	Compound::DB07146
2.3814644478648006e-08	Compound::DB00669
2.2306979374775437e-08	Compound::DB08568
2.1352683177155996e-08	Compound::DB07628
1.2948538241630558e-08	Compound::DB02420
1.2866531839961226e-08	Compound::DB07616
1.275586480886659e-08	Compound::DB08009
1.1816163159039661e-08	Compound::DB07194
1.0465345035015616e-08	Compound::DB04655
8.836217979535377e-09	Compound::DB04767
8.051101119121995e-09	Compound::DB07259
6.668426255629356e-09	Compound::DB00734
4.877998893704216e-09	Compound::DB03984
4.593210700676309e-09	Compound::DB08490
2.9826632275131715e-09	Compound::DB07345
2.8795321682650865e-09	Compound::DB03577
2.6608928394011855e-09	Compound::DB01253
2.541449717341493e-09	Compound::DB03058
2.450815106413984e-09	Compound::DB04339
1.7313075417746404e-09	Compound::DB08096
1.6102326139133538e-09	Compound::DB08423
1.5566091748908661e-09	Compound::DB06869
1.3453689273745795e-09	Compound::DB09462
1.1193522775343467e-09	Compound::DB02509
1.100994073688355e-09	Compound::DB07498
1.0630550884016543e-09	Compound::DB04652
1.0418159668290627e-09	Compound::DB08173
9.589350424832332e-10	Compound::DB07288
9.339864437407641e-10	Compound::DB03707
6.788710149585597e-10	Compound::DB00279
5.890241627781734e-10	Compound::DB07664
5.431169958214355e-10	Compound::DB03250
5.272611791617976e-10	Compound::DB00624
3.931755199193532e-10	Compound::DB08055
3.838362128139039e-10	Compound::DB07253
3.6573830075603553e-10	Compound::DB00519
3.640407975069593e-10	Compound::DB07462
2.9224064834743047e-10	Compound::DB02308
2.7453728179693826e-10	Compound::DB07127
2.440644353285393e-10	Compound::DB06228
2.3078926270070355e-10	Compound::DB01186
2.1301367614245947e-10	Compound::DB00533
2.129872667122612e-10	Compound::DB00619
2.0131639411058444e-10	Compound::DB00909
9.671840411895616e-11	Compound::DB07237
8.279519431164672e-11	Compound::DB06920
3.2746742817391095e-11	Compound::DB04769
2.4531415093731468e-11	Compound::DB00486
1.849772938988803e-11	Compound::DB00251
1.834796724276e-11	Compound::DB00986
1.3592493450231835e-11	Compound::DB08033
1.32014876461084e-11	Compound::DB00434
7.173171778784848e-12	Compound::DB04066
6.35015911382153e-12	Compound::DB01622
3.5333981834168027e-12	Compound::DB00450
2.8150617687600077e-12	Compound::DB08085
2.1911181636441457e-12	Compound::DB07974
7.764095898317447e-13	Compound::DB07761
5.42817906509091e-13	Compound::DB07697
4.540961790616693e-13	Compound::DB01075
4.1338200224005917e-13	Compound::DB07132
2.9053839954544525e-13	Compound::DB04632
1.7175951145306095e-13	Compound::DB01204
7.220825093455854e-14	Compound::DB00420
1.6808330375868256e-14	Compound::DB03535
1.5160780142691073e-14	Compound::DB07298
5.202580123571951e-15	Compound::DB07289
7.98474824789257e-16	Compound::DB00342
5.122114111165161e-16	Compound::DB08083
3.8860259610449556e-16	Compound::DB00490
3.201034453241792e-17	Compound::DB07605
1.0981750728288727e-17	Compound::DB07997
8.05830088326299e-18	Compound::DB07926
1.6508955968333996e-19	Compound::DB03456
2.2601397573465193e-21	Compound::DB03226
2.826449405114638e-36	Compound::DB00692
