1.0	Compound::DB00692
0.9999115467071533	Compound::DB02129
0.9994126558303833	Compound::DB06888
0.9992865920066833	Compound::DB00320
0.9988778233528137	Compound::DB02266
0.9988300204277039	Compound::DB01378
0.9988194108009338	Compound::DB00481
0.99498051404953	Compound::DB07330
0.994944155216217	Compound::DB02915
0.9929123520851135	Compound::DB02736
0.9912559986114502	Compound::DB01852
0.9906841516494751	Compound::DB08653
0.9894026517868042	Compound::DB00323
0.9866293668746948	Compound::DB01948
0.9849334359169006	Compound::DB07186
0.983074963092804	Compound::DB03796
0.9830046892166138	Compound::DB07947
0.9822213053703308	Compound::DB00963
0.9792550206184387	Compound::DB08077
0.9778963327407837	Compound::DB06842
0.9760712385177612	Compound::DB01024
0.9745930433273315	Compound::DB01593
0.9711479544639587	Compound::DB08398
0.9663679003715515	Compound::DB03924
0.958595871925354	Compound::DB00450
0.9577277302742004	Compound::DB08239
0.9569190740585327	Compound::DB00540
0.9559605121612549	Compound::DB00898
0.9531037211418152	Compound::DB02861
0.9443019032478333	Compound::DB08262
0.9373659491539001	Compound::DB04841
0.9337229132652283	Compound::DB07362
0.933318018913269	Compound::DB01592
0.9332484006881714	Compound::DB00122
0.9191223382949829	Compound::DB01105
0.9038416743278503	Compound::DB00678
0.9001535177230835	Compound::DB03899
0.8970803022384644	Compound::DB07288
0.8968155384063721	Compound::DB00317
0.8934866189956665	Compound::DB07265
0.8923301100730896	Compound::DB03449
0.8922641277313232	Compound::DB04175
0.8884780406951904	Compound::DB00563
0.8880855441093445	Compound::DB00829
0.8845602869987488	Compound::DB02210
0.8760583400726318	Compound::DB07462
0.8735430836677551	Compound::DB06594
0.87062668800354	Compound::DB03635
0.8412970900535583	Compound::DB08632
0.8400112986564636	Compound::DB01822
0.8396356701850891	Compound::DB02085
0.8388136625289917	Compound::DB00343
0.83866286277771	Compound::DB07181
0.8384819626808167	Compound::DB06228
0.8381538987159729	Compound::DB03940
0.8367882370948792	Compound::DB00174
0.8306122422218323	Compound::DB02546
0.8271246552467346	Compound::DB04186
0.8263877034187317	Compound::DB07346
0.8208072781562805	Compound::DB02761
0.7997117042541504	Compound::DB03896
0.7907183170318604	Compound::DB08030
0.7890673875808716	Compound::DB02308
0.7791175842285156	Compound::DB02249
0.778019905090332	Compound::DB01632
0.7747988700866699	Compound::DB01955
0.7717851400375366	Compound::DB08135
0.7567408084869385	Compound::DB01204
0.7444716095924377	Compound::DB03288
0.7378814220428467	Compound::DB00850
0.7316092252731323	Compound::DB07616
0.7298513650894165	Compound::DB00822
0.7229767441749573	Compound::DB00125
0.7153383493423462	Compound::DB00160
0.7045038342475891	Compound::DB00786
0.6970369815826416	Compound::DB04573
0.6851687431335449	Compound::DB01800
0.6794381141662598	Compound::DB06867
0.6794367432594299	Compound::DB08357
0.670681893825531	Compound::DB00470
0.6663285493850708	Compound::DB01238
0.6651703119277954	Compound::DB08609
0.6629215478897095	Compound::DB07395
0.6396990418434143	Compound::DB07754
0.6344923377037048	Compound::DB00519
0.631855845451355	Compound::DB00128
0.6306034922599792	Compound::DB08255
0.6300031542778015	Compound::DB04237
0.6239350438117981	Compound::DB00536
0.6234309077262878	Compound::DB02289
0.612883985042572	Compound::DB03864
0.6072679758071899	Compound::DB02134
0.6028259992599487	Compound::DB04633
0.5959171056747437	Compound::DB04522
0.595587968826294	Compound::DB02538
0.5947392582893372	Compound::DB08148
0.5731674432754517	Compound::DB04376
0.5660384297370911	Compound::DB07664
0.555189847946167	Compound::DB07728
0.5522634387016296	Compound::DB07912
0.5297163128852844	Compound::DB04297
0.5113885402679443	Compound::DB08436
0.4910376965999603	Compound::DB00119
0.4903273284435272	Compound::DB00491
0.4837827980518341	Compound::DB00161
0.47196584939956665	Compound::DB00143
0.4612196087837219	Compound::DB03368
0.4591456651687622	Compound::DB00544
0.4487426280975342	Compound::DB01709
0.43063589930534363	Compound::DB07237
0.41969653964042664	Compound::DB00151
0.4175396263599396	Compound::DB00123
0.407743364572525	Compound::DB04699
0.4041738212108612	Compound::DB00513
0.4030991494655609	Compound::DB02234
0.3945763111114502	Compound::DB07645
0.3913615345954895	Compound::DB03082
0.37872347235679626	Compound::DB02999
0.3343120813369751	Compound::DB07224
0.3338238596916199	Compound::DB04672
0.32719850540161133	Compound::DB04562
0.31651774048805237	Compound::DB02486
0.3079887330532074	Compound::DB07171
0.3014076054096222	Compound::DB02884
0.29933202266693115	Compound::DB01231
0.2986224293708801	Compound::DB07997
0.2957685887813568	Compound::DB03019
0.2924065887928009	Compound::DB04489
0.2907519042491913	Compound::DB07503
0.2822055220603943	Compound::DB01776
0.2806418836116791	Compound::DB07082
0.2787534296512604	Compound::DB01638
0.27660802006721497	Compound::DB07641
0.27376416325569153	Compound::DB02966
0.2604284882545471	Compound::DB04519
0.25768929719924927	Compound::DB01039
0.25522133708000183	Compound::DB00443
0.2532802224159241	Compound::DB00420
0.25239068269729614	Compound::DB08482
0.25238823890686035	Compound::DB00756
0.25131815671920776	Compound::DB04417
0.24916839599609375	Compound::DB04275
0.24857191741466522	Compound::DB01917
0.24674361944198608	Compound::DB00964
0.24399015307426453	Compound::DB03994
0.24232445657253265	Compound::DB02327
0.24105405807495117	Compound::DB03374
0.23895075917243958	Compound::DB07230
0.23683792352676392	Compound::DB03639
0.23518028855323792	Compound::DB03359
0.22579851746559143	Compound::DB00571
0.22368623316287994	Compound::DB00328
0.2201203852891922	Compound::DB00935
0.22011028230190277	Compound::DB01915
0.21944104135036469	Compound::DB03462
0.21701233088970184	Compound::DB07198
0.21501369774341583	Compound::DB01422
0.2149096131324768	Compound::DB07557
0.21327240765094757	Compound::DB08522
0.21258053183555603	Compound::DB02386
0.20943593978881836	Compound::DB03709
0.2037886530160904	Compound::DB00311
0.20253784954547882	Compound::DB02712
0.20171202719211578	Compound::DB01762
0.20148833096027374	Compound::DB03663
0.2005404382944107	Compound::DB00273
0.19453494250774384	Compound::DB02813
0.1912994533777237	Compound::DB02838
0.1903051733970642	Compound::DB00804
0.18773382902145386	Compound::DB02845
0.18756739795207977	Compound::DB08448
0.18263214826583862	Compound::DB02263
0.18258996307849884	Compound::DB07298
0.17999377846717834	Compound::DB08165
0.1795922964811325	Compound::DB01677
0.17948389053344727	Compound::DB07234
0.17818140983581543	Compound::DB07930
0.17637351155281067	Compound::DB07556
0.16811232268810272	Compound::DB07747
0.1677781343460083	Compound::DB00316
0.16727246344089508	Compound::DB03975
0.16712383925914764	Compound::DB02375
0.16545484960079193	Compound::DB02883
0.16480156779289246	Compound::DB01750
0.16397446393966675	Compound::DB03636
0.16283482313156128	Compound::DB07124
0.1622704267501831	Compound::DB06709
0.16149388253688812	Compound::DB00307
0.15755727887153625	Compound::DB01162
0.15109629929065704	Compound::DB08084
0.14953406155109406	Compound::DB03801
0.1493385285139084	Compound::DB02255
0.14685693383216858	Compound::DB02142
0.13920685648918152	Compound::DB02104
0.13860474526882172	Compound::DB01645
0.1347332000732422	Compound::DB08166
0.13139638304710388	Compound::DB07737
0.13026612997055054	Compound::DB04652
0.12790586054325104	Compound::DB07093
0.12069450318813324	Compound::DB01349
0.11889693886041641	Compound::DB03346
0.11868550628423691	Compound::DB01233
0.11791198700666428	Compound::DB01132
0.11602483689785004	Compound::DB00783
0.11594627052545547	Compound::DB00552
0.11190565675497055	Compound::DB00558
0.11098241806030273	Compound::DB02196
0.10945811122655869	Compound::DB04152
0.10746605694293976	Compound::DB07281
0.10730774700641632	Compound::DB07388
0.10692913085222244	Compound::DB02598
0.1067676767706871	Compound::DB07179
0.10672447830438614	Compound::DB04868
0.10518032312393188	Compound::DB01127
0.1042998656630516	Compound::DB08132
0.1022820696234703	Compound::DB04798
0.10093097388744354	Compound::DB04464
0.10074719786643982	Compound::DB04608
0.1006825640797615	Compound::DB04076
0.0979231521487236	Compound::DB00199
0.09762166440486908	Compound::DB00391
0.09699122607707977	Compound::DB04648
0.09631510823965073	Compound::DB00117
0.09390859305858612	Compound::DB01772
0.09143751114606857	Compound::DB03628
0.09117411822080612	Compound::DB01826
0.09057135134935379	Compound::DB04530
0.08876492828130722	Compound::DB01283
0.08762205392122269	Compound::DB07847
0.08724907785654068	Compound::DB08397
0.08716747164726257	Compound::DB06938
0.0860862135887146	Compound::DB04505
0.08428780734539032	Compound::DB02979
0.0841398611664772	Compound::DB04661
0.08317950367927551	Compound::DB03750
0.0825396403670311	Compound::DB08134
0.08206530660390854	Compound::DB06953
0.08108843863010406	Compound::DB00943
0.08096802979707718	Compound::DB08466
0.08082792162895203	Compound::DB00127
0.08064623177051544	Compound::DB00489
0.07846050709486008	Compound::DB07280
0.07832439988851547	Compound::DB08320
0.07794718444347382	Compound::DB07102
0.0767848938703537	Compound::DB01782
0.07674319297075272	Compound::DB07545
0.07553254812955856	Compound::DB03876
0.07445225119590759	Compound::DB01100
0.0740286111831665	Compound::DB04715
0.07292445003986359	Compound::DB08247
0.07171409577131271	Compound::DB01454
0.07120094448328018	Compound::DB01183
0.07095874100923538	Compound::DB02302
0.07043853402137756	Compound::DB00559
0.06963249295949936	Compound::DB02473
0.06878959387540817	Compound::DB08355
0.06817786395549774	Compound::DB01622
0.06759888678789139	Compound::DB03073
0.06547991931438446	Compound::DB02768
0.06547524780035019	Compound::DB07854
0.0651051253080368	Compound::DB00131
0.06398235261440277	Compound::DB04690
0.06137453019618988	Compound::DB08058
0.06107962876558304	Compound::DB00285
0.060745615512132645	Compound::DB08001
0.06068124249577522	Compound::DB02340
0.060193926095962524	Compound::DB07159
0.059147413820028305	Compound::DB07428
0.058590419590473175	Compound::DB07401
0.05843750759959221	Compound::DB07862
0.05829101800918579	Compound::DB07138
0.05697087571024895	Compound::DB00398
0.055614981800317764	Compound::DB02709
0.05311443656682968	Compound::DB00812
0.052887193858623505	Compound::DB02103
0.05284791439771652	Compound::DB08300
0.05256879702210426	Compound::DB07719
0.052520688623189926	Compound::DB01628
0.052051007747650146	Compound::DB04601
0.05085969716310501	Compound::DB02367
0.050693295896053314	Compound::DB03800
0.05013199895620346	Compound::DB07800
0.04974302649497986	Compound::DB00703
0.04971853643655777	Compound::DB00145
0.04924479126930237	Compound::DB00587
0.04901084676384926	Compound::DB04552
0.04866423085331917	Compound::DB08631
0.04859178513288498	Compound::DB07172
0.0479544997215271	Compound::DB13919
0.04730954393744469	Compound::DB01173
0.0472806878387928	Compound::DB08080
0.047062478959560394	Compound::DB04683
0.04695983976125717	Compound::DB08462
0.0466548353433609	Compound::DB06860
0.04652473330497742	Compound::DB00872
0.044901441782712936	Compound::DB00172
0.04368117079138756	Compound::DB03777
0.04357040673494339	Compound::DB01791
0.04321666434407234	Compound::DB03744
0.04267926886677742	Compound::DB07405
0.04159310832619667	Compound::DB07852
0.0386672206223011	Compound::DB01836
0.03845019266009331	Compound::DB04664
0.03767957165837288	Compound::DB07592
0.037595804780721664	Compound::DB04250
0.03746974468231201	Compound::DB08643
0.037254177033901215	Compound::DB06905
0.03672477975487709	Compound::DB07091
0.03598753362894058	Compound::DB04271
0.03592812642455101	Compound::DB00508
0.03506125882267952	Compound::DB01765
0.03429332375526428	Compound::DB08287
0.03385196626186371	Compound::DB01997
0.033423762768507004	Compound::DB04048
0.03332513943314552	Compound::DB00276
0.033168017864227295	Compound::DB00142
0.033049531280994415	Compound::DB03785
0.032865528017282486	Compound::DB02659
0.03230854123830795	Compound::DB08593
0.03214111179113388	Compound::DB04115
0.03133215755224228	Compound::DB07632
0.03125624731183052	Compound::DB02112
0.03080606646835804	Compound::DB08365
0.03010287880897522	Compound::DB07347
0.03008844330906868	Compound::DB03767
0.030061570927500725	Compound::DB01050
0.029121221974492073	Compound::DB00834
0.02907029166817665	Compound::DB07003
0.0285539161413908	Compound::DB00201
0.028546974062919617	Compound::DB01618
0.028423963114619255	Compound::DB02656
0.027452809736132622	Compound::DB04450
0.02672518417239189	Compound::DB07612
0.02589772269129753	Compound::DB00738
0.025618692860007286	Compound::DB00655
0.02515466697514057	Compound::DB01110
0.02515016496181488	Compound::DB03270
0.02484777756035328	Compound::DB01734
0.024776224046945572	Compound::DB02126
0.02442251518368721	Compound::DB07573
0.02423025481402874	Compound::DB01069
0.024056194350123405	Compound::DB04657
0.02398572862148285	Compound::DB00129
0.023798631504178047	Compound::DB08256
0.023290390148758888	Compound::DB00637
0.023236680775880814	Compound::DB04829
0.023178428411483765	Compound::DB01686
0.02298634871840477	Compound::DB08312
0.022577786818146706	Compound::DB02059
0.02254560962319374	Compound::DB07533
0.021587947383522987	Compound::DB02731
0.021204303950071335	Compound::DB08351
0.021195407956838608	Compound::DB02833
0.019823012873530388	Compound::DB00730
0.019664116203784943	Compound::DB02292
0.01962094008922577	Compound::DB08085
0.01957910694181919	Compound::DB04559
0.01956530101597309	Compound::DB00920
0.019527701660990715	Compound::DB07394
0.018755843862891197	Compound::DB00574
0.018139028921723366	Compound::DB00121
0.0181161779910326	Compound::DB02398
0.017695199698209763	Compound::DB03953
0.01744675077497959	Compound::DB01229
0.017027590423822403	Compound::DB07099
0.017016682773828506	Compound::DB00977
0.016761543229222298	Compound::DB07450
0.016660796478390694	Compound::DB00784
0.015766140073537827	Compound::DB07501
0.015711884945631027	Compound::DB03429
0.015601424500346184	Compound::DB00656
0.015585877932608128	Compound::DB02987
0.015364063903689384	Compound::DB04741
0.014746601693332195	Compound::DB08330
0.014643997885286808	Compound::DB02139
0.014124863781034946	Compound::DB00187
0.014096141792833805	Compound::DB00709
0.01407536119222641	Compound::DB02685
0.013972229324281216	Compound::DB00755
0.013872582465410233	Compound::DB01708
0.01356939785182476	Compound::DB04074
0.013380279764533043	Compound::DB07643
0.013191320933401585	Compound::DB03467
0.013007022440433502	Compound::DB07596
0.012958518229424953	Compound::DB00268
0.012863263487815857	Compound::DB01245
0.012746340595185757	Compound::DB01761
0.012365556322038174	Compound::DB02854
0.012299424968659878	Compound::DB03006
0.012271743267774582	Compound::DB07145
0.012266057543456554	Compound::DB00434
0.012192696332931519	Compound::DB03661
0.011805780231952667	Compound::DB07065
0.011775467544794083	Compound::DB03660
0.011590804904699326	Compound::DB06891
0.011565757915377617	Compound::DB04140
0.011440353468060493	Compound::DB01011
0.011347454972565174	Compound::DB00598
0.010672318749129772	Compound::DB07455
0.01053569559007883	Compound::DB01194
0.01052788458764553	Compound::DB07121
0.01050441525876522	Compound::DB00208
0.010415163822472095	Compound::DB01795
0.010340423323214054	Compound::DB02089
0.01023214589804411	Compound::DB01472
0.010228881612420082	Compound::DB07000
0.010216554626822472	Compound::DB04270
0.009907694533467293	Compound::DB00448
0.00983881764113903	Compound::DB06898
0.009833509102463722	Compound::DB08439
0.009682425297796726	Compound::DB07863
0.00962916761636734	Compound::DB08473
0.009546816349029541	Compound::DB07991
0.009440029971301556	Compound::DB02049
0.009425576776266098	Compound::DB07161
0.00936657004058361	Compound::DB07827
0.009081865660846233	Compound::DB03411
0.008985021151602268	Compound::DB00495
0.008970766328275204	Compound::DB03880
0.008818783797323704	Compound::DB00158
0.008714093826711178	Compound::DB01656
0.00871206820011139	Compound::DB07269
0.008638397790491581	Compound::DB08493
0.008621235378086567	Compound::DB07902
0.008445407263934612	Compound::DB00590
0.00842931866645813	Compound::DB03136
0.00842756126075983	Compound::DB02530
0.008354933001101017	Compound::DB00257
0.008323824033141136	Compound::DB02020
0.008237659931182861	Compound::DB04267
0.008223985321819782	Compound::DB08450
0.008160601370036602	Compound::DB00457
0.008135763928294182	Compound::DB02508
0.007807182148098946	Compound::DB02963
0.007756240665912628	Compound::DB07714
0.007714087143540382	Compound::DB02660
0.007700476795434952	Compound::DB08257
0.007635219022631645	Compound::DB07270
0.00759867811575532	Compound::DB00945
0.007563105318695307	Compound::DB08577
0.007539669517427683	Compound::DB04216
0.007489738520234823	Compound::DB07832
0.007283724844455719	Compound::DB08194
0.0072683352045714855	Compound::DB06831
0.007120427209883928	Compound::DB01646
0.007051294669508934	Compound::DB06288
0.007051191292703152	Compound::DB07403
0.0069228289648890495	Compound::DB00321
0.006875280756503344	Compound::DB04018
0.006748504005372524	Compound::DB08073
0.006693330127745867	Compound::DB07217
0.0066186776384711266	Compound::DB07190
0.006503173150122166	Compound::DB02232
0.00650132168084383	Compound::DB01184
0.006448621395975351	Compound::DB04326
0.006355149205774069	Compound::DB07662
0.0063048903830349445	Compound::DB01393
0.006071954499930143	Compound::DB07531
0.005987446289509535	Compound::DB07245
0.005966490134596825	Compound::DB04120
0.005936517380177975	Compound::DB07587
0.005761133972555399	Compound::DB03329
0.005699072498828173	Compound::DB04842
0.005394160281866789	Compound::DB00471
0.00539140310138464	Compound::DB00255
0.005363886244595051	Compound::DB02141
0.005316745024174452	Compound::DB00440
0.0052665844559669495	Compound::DB07088
0.005223680287599564	Compound::DB06948
0.005215081386268139	Compound::DB02175
0.004955577198415995	Compound::DB01858
0.004918413236737251	Compound::DB04946
0.004903318360447884	Compound::DB01884
0.004893602803349495	Compound::DB00831
0.004818824585527182	Compound::DB08537
0.004667995031923056	Compound::DB04462
0.004626862704753876	Compound::DB00419
0.004519788082689047	Compound::DB00696
0.004516866989433765	Compound::DB08059
0.004482665564864874	Compound::DB03854
0.004376772791147232	Compound::DB02994
0.004369651433080435	Compound::DB01811
0.004314742982387543	Compound::DB06148
0.004114004783332348	Compound::DB07376
0.004085141234099865	Compound::DB04763
0.004010935313999653	Compound::DB08064
0.003990632947534323	Compound::DB02494
0.003979499917477369	Compound::DB08229
0.003899209899827838	Compound::DB07876
0.003896676702424884	Compound::DB07239
0.0037961576599627733	Compound::DB00157
0.0037744147703051567	Compound::DB08660
0.003745422465726733	Compound::DB04531
0.0037311052437871695	Compound::DB06865
0.0036794717889279127	Compound::DB07595
0.0036471509374678135	Compound::DB08242
0.0036118461284786463	Compound::DB07874
0.003578268690034747	Compound::DB07780
0.0034441608004271984	Compound::DB00335
0.003392922692000866	Compound::DB04098
0.0033228762913495302	Compound::DB00717
0.0032862110529094934	Compound::DB01711
0.0032486675772815943	Compound::DB00322
0.0032108768355101347	Compound::DB03060
0.0031735061202198267	Compound::DB00433
0.0031690052710473537	Compound::DB00472
0.003156473394483328	Compound::DB01946
0.003061378840357065	Compound::DB00933
0.0030538756400346756	Compound::DB04109
0.0030092287342995405	Compound::DB02701
0.0029959522653371096	Compound::DB00583
0.002970430999994278	Compound::DB07444
0.002952041570097208	Compound::DB03067
0.0029502990655601025	Compound::DB00530
0.0029387776739895344	Compound::DB07757
0.002916382160037756	Compound::DB01151
0.0028089198749512434	Compound::DB03121
0.002752800937741995	Compound::DB01062
0.002751761581748724	Compound::DB03365
0.002714992966502905	Compound::DB03523
0.002685057232156396	Compound::DB06976
0.0026735132560133934	Compound::DB06899
0.002651458838954568	Compound::DB06314
0.002540634712204337	Compound::DB07724
0.002538053784519434	Compound::DB07014
0.0025262953713536263	Compound::DB00813
0.0025063559878617525	Compound::DB08271
0.002506279619410634	Compound::DB02583
0.0023758758325129747	Compound::DB00780
0.0023323826026171446	Compound::DB03255
0.0023279672022908926	Compound::DB03147
0.0023244016338139772	Compound::DB07794
0.002323211170732975	Compound::DB04371
0.002289355965331197	Compound::DB06853
0.00226660817861557	Compound::DB04581
0.0022627455182373524	Compound::DB01359
0.0021895470563322306	Compound::DB02893
0.0021413136273622513	Compound::DB07458
0.002138390438631177	Compound::DB01267
0.0021301787346601486	Compound::DB07831
0.0021273710299283266	Compound::DB01092
0.002109043300151825	Compound::DB07680
0.0021032399963587523	Compound::DB08019
0.00206311559304595	Compound::DB00808
0.0020322187338024378	Compound::DB00149
0.002012423938140273	Compound::DB00979
0.0019785647746175528	Compound::DB07908
0.0019120497163385153	Compound::DB08070
0.001902297604829073	Compound::DB03316
0.0018978094449266791	Compound::DB01630
0.0018963044276461005	Compound::DB03336
0.0018946122145280242	Compound::DB08056
0.001886573270894587	Compound::DB07779
0.0018616723828017712	Compound::DB00551
0.0018455390818417072	Compound::DB08341
0.0018096130806952715	Compound::DB03262
0.0018042292213067412	Compound::DB07254
0.0017572306096553802	Compound::DB04310
0.0016789935762062669	Compound::DB00580
0.0016275893431156874	Compound::DB07223
0.0016000285977497697	Compound::DB07232
0.001586578437127173	Compound::DB04600
0.001556006376631558	Compound::DB03107
0.0015544729540124536	Compound::DB08369
0.0015542745823040605	Compound::DB02388
0.0015312479808926582	Compound::DB00484
0.0015298416838049889	Compound::DB03556
0.00151737779378891	Compound::DB08068
0.0014573517255485058	Compound::DB00173
0.001437877886928618	Compound::DB07772
0.0014376724138855934	Compound::DB04474
0.0014361166395246983	Compound::DB01129
0.0014354876475408673	Compound::DB08136
0.0014317005407065153	Compound::DB06945
0.0014265193603932858	Compound::DB01176
0.0014099999098107219	Compound::DB08507
0.0014026665594428778	Compound::DB00180
0.0013998368522152305	Compound::DB06837
0.001332565094344318	Compound::DB03490
0.0012519396841526031	Compound::DB08259
0.0012272023595869541	Compound::DB06711
0.0011859433725476265	Compound::DB00960
0.001184184686280787	Compound::DB01144
0.0011809230782091618	Compound::DB07216
0.0011726716766133904	Compound::DB02763
0.0011600410798564553	Compound::DB00195
0.0011570034548640251	Compound::DB04585
0.001138684805482626	Compound::DB04343
0.0011251025134697556	Compound::DB06933
0.00112349062692374	Compound::DB03152
0.001105188624933362	Compound::DB03370
0.0010764545295387506	Compound::DB07033
0.0010739066638052464	Compound::DB00368
0.001055508153513074	Compound::DB03695
0.0010323392925783992	Compound::DB00640
0.001019582967273891	Compound::DB02613
0.0010173531481996179	Compound::DB07165
0.0010058671468868852	Compound::DB05521
0.0010021758498623967	Compound::DB04307
0.0009685723343864083	Compound::DB08391
0.0009438646957278252	Compound::DB08040
0.0009146067313849926	Compound::DB07312
0.0009020710131153464	Compound::DB03564
0.000888021953869611	Compound::DB01621
0.0008757233736105263	Compound::DB08626
0.0008633338147774339	Compound::DB08244
0.0008627216448076069	Compound::DB00715
0.0008598300046287477	Compound::DB06694
0.0008498632232658565	Compound::DB07994
0.000821059918962419	Compound::DB06144
0.0008025388815440238	Compound::DB07843
0.0007993638864718378	Compound::DB02597
0.0007938165217638016	Compound::DB07460
0.0007825990323908627	Compound::DB00298
0.0007279303390532732	Compound::DB07431
0.0007154723862186074	Compound::DB07589
0.0007126007694751024	Compound::DB00396
0.0007066018879413605	Compound::DB07660
0.0006827455363236368	Compound::DB07562
0.0006617582985199988	Compound::DB07115
0.0006426735199056566	Compound::DB07637
0.0006109430687502027	Compound::DB08399
0.0006044858018867671	Compound::DB04739
0.0005948562757112086	Compound::DB03866
0.0005784383974969387	Compound::DB00370
0.0005750673008151352	Compound::DB04141
0.0005675485008396208	Compound::DB07127
0.0005618127761408687	Compound::DB02482
0.0005478274542838335	Compound::DB04537
0.0005349768325686455	Compound::DB03216
0.0005348707200028002	Compound::DB02509
0.0005316442111507058	Compound::DB08564
0.0005096396198496222	Compound::DB00408
0.0005011778557673097	Compound::DB08389
0.0004951030132360756	Compound::DB01143
0.0004901945940218866	Compound::DB07119
0.0004896897589787841	Compound::DB02352
0.0004759307485073805	Compound::DB02400
0.00047256916877813637	Compound::DB03343
0.00045565434265881777	Compound::DB00841
0.0004534981562756002	Compound::DB00387
0.0004506780533120036	Compound::DB00421
0.00044925935799255967	Compound::DB07583
0.0004398789897095412	Compound::DB00537
0.000429505598731339	Compound::DB00575
0.00042559218127280474	Compound::DB01087
0.0004037922481074929	Compound::DB00503
0.00039058245602063835	Compound::DB07407
0.00037691430770792067	Compound::DB02998
0.0003666935081128031	Compound::DB07527
0.0003610354906413704	Compound::DB00741
0.0003610101994127035	Compound::DB08302
0.00035513698821887374	Compound::DB03351
0.00034973505535162985	Compound::DB07335
0.0003477513382676989	Compound::DB07783
0.0003277380019426346	Compound::DB04014
0.00032395555172115564	Compound::DB08546
0.00032119668321684003	Compound::DB02728
0.0003074691630899906	Compound::DB02395
0.0003071577230002731	Compound::DB07889
0.00030668338877148926	Compound::DB08121
0.00029844717937521636	Compound::DB08659
0.0002959906996693462	Compound::DB07149
0.0002860012464225292	Compound::DB00846
0.0002840899396687746	Compound::DB00579
0.000282835157122463	Compound::DB07397
0.0002759099879767746	Compound::DB02429
0.0002463277196511626	Compound::DB07013
0.00024144058988895267	Compound::DB00589
0.00023263691400643438	Compound::DB01136
0.0002296058664796874	Compound::DB00624
0.00022765074390918016	Compound::DB07008
0.00022468720271717757	Compound::DB08339
0.00022431947581935674	Compound::DB01536
0.00021936277335043997	Compound::DB07231
0.00021272277808748186	Compound::DB08133
0.0002109150227624923	Compound::DB03626
0.00021049194037914276	Compound::DB07995
0.0002020510146394372	Compound::DB03428
0.00020141953427810222	Compound::DB06944
0.00020128226606175303	Compound::DB01758
0.00019908610556740314	Compound::DB00277
0.00019237199740018696	Compound::DB03100
0.0001907656987896189	Compound::DB01959
0.00017916577053256333	Compound::DB01019
0.0001780686288839206	Compound::DB08416
0.00017287525406572968	Compound::DB00344
0.00017199988360516727	Compound::DB04459
0.0001629370090086013	Compound::DB01988
0.00016283171135000885	Compound::DB07804
0.00016134460747707635	Compound::DB00477
0.00016061426140367985	Compound::DB07901
0.0001604570570634678	Compound::DB00458
0.00015631408314220607	Compound::DB08489
0.00015215296298265457	Compound::DB01001
0.00015118776354938745	Compound::DB07586
0.00015054343384690583	Compound::DB06207
0.00014876668865326792	Compound::DB08557
0.00014686392387375236	Compound::DB07755
0.0001397010637447238	Compound::DB02184
0.00013731600483879447	Compound::DB08385
0.000136815695441328	Compound::DB07763
0.00013191714242566377	Compound::DB00661
0.00012923033500555903	Compound::DB03737
0.00012848965707235038	Compound::DB04878
0.00012761636753566563	Compound::DB07029
0.00012710411101579666	Compound::DB01537
0.0001212183924508281	Compound::DB01065
0.00011502722918521613	Compound::DB00501
0.00011450587044237182	Compound::DB00409
0.00011360577627783641	Compound::DB08202
0.00010910978016909212	Compound::DB02464
0.00010902169742621481	Compound::DB01009
0.00010832480620592833	Compound::DB04689
0.00010619164822855964	Compound::DB08168
0.00010441625636303797	Compound::DB02029
0.00010309857316315174	Compound::DB06851
0.00010224738798569888	Compound::DB02216
0.00010205237776972353	Compound::DB08003
0.00010165338608203456	Compound::DB07720
9.547580702928826e-05	Compound::DB07433
9.525917994324118e-05	Compound::DB07954
9.480707376496866e-05	Compound::DB04113
9.072069224203005e-05	Compound::DB00202
8.906351285986602e-05	Compound::DB03005
8.886406430974603e-05	Compound::DB07050
8.870997407939285e-05	Compound::DB06858
8.824559336062521e-05	Compound::DB07066
8.611381781520322e-05	Compound::DB08845
8.438558143097907e-05	Compound::DB04747
8.341740613104776e-05	Compound::DB03575
8.310886914841831e-05	Compound::DB07835
8.062570123001933e-05	Compound::DB07248
7.874644506955519e-05	Compound::DB00819
7.86131204222329e-05	Compound::DB03128
7.557850767625496e-05	Compound::DB01083
7.441040361300111e-05	Compound::DB08248
7.294624083442613e-05	Compound::DB08492
6.893909448990598e-05	Compound::DB04151
6.882532761665061e-05	Compound::DB00543
6.791724445065483e-05	Compound::DB03807
6.621725333388895e-05	Compound::DB01951
6.591837154701352e-05	Compound::DB06994
6.255997868720442e-05	Compound::DB02057
5.452294499264099e-05	Compound::DB02143
5.1039474783465266e-05	Compound::DB08094
4.916804391541518e-05	Compound::DB08052
4.8436828365083784e-05	Compound::DB01647
4.840109249926172e-05	Compound::DB08224
4.6830395149299875e-05	Compound::DB06954
4.666838867706247e-05	Compound::DB00227
4.556046042125672e-05	Compound::DB08099
4.4476637413026765e-05	Compound::DB01268
4.23086567025166e-05	Compound::DB07252
4.225599332130514e-05	Compound::DB01224
4.055998215335421e-05	Compound::DB00376
4.0198057831730694e-05	Compound::DB00171
4.019461266580038e-05	Compound::DB02145
3.887179263983853e-05	Compound::DB00327
3.842447040369734e-05	Compound::DB07126
3.825040766969323e-05	Compound::DB07734
3.590801134123467e-05	Compound::DB07079
3.541307523846626e-05	Compound::DB02669
3.496155113680288e-05	Compound::DB01742
3.313620982225984e-05	Compound::DB00788
3.221493898308836e-05	Compound::DB04821
3.133792051812634e-05	Compound::DB00502
3.0556613637600094e-05	Compound::DB06909
2.927731657109689e-05	Compound::DB00988
2.9041037123533897e-05	Compound::DB04407
2.8672422558884136e-05	Compound::DB01497
2.8368105631670915e-05	Compound::DB07242
2.797466549964156e-05	Compound::DB01983
2.792346458591055e-05	Compound::DB00670
2.655450953170657e-05	Compound::DB07666
2.6383342628832906e-05	Compound::DB02091
2.461393887642771e-05	Compound::DB07608
2.3017853891360573e-05	Compound::DB03888
2.181245872634463e-05	Compound::DB00708
2.1154301066417247e-05	Compound::DB07194
2.0404686438268982e-05	Compound::DB03890
1.98130637727445e-05	Compound::DB06971
1.9549213902791962e-05	Compound::DB01623
1.9378148863324896e-05	Compound::DB06967
1.884448283817619e-05	Compound::DB03476
1.8145214198739268e-05	Compound::DB08454
1.538092692499049e-05	Compound::DB04377
1.524463550595101e-05	Compound::DB03129
1.480508035456296e-05	Compound::DB07839
1.4796301002206746e-05	Compound::DB07053
1.3242851309769321e-05	Compound::DB03207
1.3097746887069661e-05	Compound::DB08463
1.2969251656613778e-05	Compound::DB04716
1.278000036109006e-05	Compound::DB08846
1.2677125596383121e-05	Compound::DB07486
1.2587832316057757e-05	Compound::DB00938
1.2515522030298598e-05	Compound::DB07086
1.2167445675004274e-05	Compound::DB07453
1.205513490276644e-05	Compound::DB04365
1.1985792298219167e-05	Compound::DB07949
1.1779273336287588e-05	Compound::DB01227
1.0613846825435758e-05	Compound::DB03058
1.0613835911499336e-05	Compound::DB02045
1.0264384400215931e-05	Compound::DB01857
1.020109084493015e-05	Compound::DB07978
1.0176885552937165e-05	Compound::DB00235
9.864521416602656e-06	Compound::DB08054
9.474063517700415e-06	Compound::DB08895
8.461872312182095e-06	Compound::DB07125
7.866236046538688e-06	Compound::DB01665
7.832812116248533e-06	Compound::DB07688
7.629325409652665e-06	Compound::DB08142
7.3647852332214825e-06	Compound::DB06871
7.002061920502456e-06	Compound::DB08597
6.7035311985819135e-06	Compound::DB07508
6.652855063293828e-06	Compound::DB08595
6.544655207108008e-06	Compound::DB01018
6.164270416775253e-06	Compound::DB07134
5.734227670473047e-06	Compound::DB00422
5.271347617963329e-06	Compound::DB07829
5.25788209415623e-06	Compound::DB08049
5.036436050431803e-06	Compound::DB00934
4.995041763322661e-06	Compound::DB04604
4.732315574074164e-06	Compound::DB03589
4.423895461513894e-06	Compound::DB02676
4.360084858490154e-06	Compound::DB00866
4.3444947550597135e-06	Compound::DB07512
4.31873058914789e-06	Compound::DB08039
4.219419679429848e-06	Compound::DB04463
4.205636287224479e-06	Compound::DB07315
4.1875464376062155e-06	Compound::DB04254
4.177729806542629e-06	Compound::DB00679
4.100232217751909e-06	Compound::DB07685
3.98273232349311e-06	Compound::DB08053
3.834169547189958e-06	Compound::DB03345
3.820503934548469e-06	Compound::DB00966
3.779387725444394e-06	Compound::DB02567
3.6410758639249252e-06	Compound::DB07630
3.547005690052174e-06	Compound::DB02481
3.5416246646491345e-06	Compound::DB01182
3.3906767384905834e-06	Compound::DB00697
3.195368890374084e-06	Compound::DB06729
2.997418278027908e-06	Compound::DB04751
2.956987600555294e-06	Compound::DB04185
2.898392722272547e-06	Compound::DB08329
2.788766323646996e-06	Compound::DB07598
2.7661724288918776e-06	Compound::DB07277
2.7176752155355643e-06	Compound::DB00114
2.663581199158216e-06	Compound::DB08645
2.653247520356672e-06	Compound::DB07791
2.648070449140505e-06	Compound::DB03900
2.4689161364221945e-06	Compound::DB06919
2.3996676645765547e-06	Compound::DB03910
2.3595687252964126e-06	Compound::DB07697
2.315767233085353e-06	Compound::DB08180
2.2705519313603872e-06	Compound::DB01400
2.1582241060968954e-06	Compound::DB01919
2.007516059165937e-06	Compound::DB00382
1.9659405552374665e-06	Compound::DB02159
1.8524522147345124e-06	Compound::DB01212
1.8187025716542848e-06	Compound::DB01941
1.7989427760767285e-06	Compound::DB00147
1.7925686961461906e-06	Compound::DB01809
1.7607999325264245e-06	Compound::DB00333
1.7488093817519257e-06	Compound::DB07488
1.5890188933553873e-06	Compound::DB02952
1.4019608443049947e-06	Compound::DB04478
1.2461417782105855e-06	Compound::DB03044
1.1518313840497285e-06	Compound::DB00726
1.0576657132332912e-06	Compound::DB04707
9.432155820832122e-07	Compound::DB07607
9.133819389717246e-07	Compound::DB07303
8.888298452802701e-07	Compound::DB01962
8.735389656067127e-07	Compound::DB07260
8.455011766272946e-07	Compound::DB00353
8.05500462774944e-07	Compound::DB03865
7.761922233839869e-07	Compound::DB01535
7.359761298175727e-07	Compound::DB04107
7.325058390961203e-07	Compound::DB00120
6.480019578702922e-07	Compound::DB01071
6.271827146520081e-07	Compound::DB06942
5.98379244820535e-07	Compound::DB00456
5.680039407707227e-07	Compound::DB03496
5.511529366231116e-07	Compound::DB00248
5.140996108821128e-07	Compound::DB02762
5.002669922760106e-07	Compound::DB06996
4.569798193188035e-07	Compound::DB04655
4.4706789026349725e-07	Compound::DB08072
4.418378978243709e-07	Compound::DB01259
4.393747303765849e-07	Compound::DB07272
4.388177785585867e-07	Compound::DB07946
4.352388884854008e-07	Compound::DB00695
4.334399363870034e-07	Compound::DB01254
3.9153144371084636e-07	Compound::DB06999
3.7407502873065823e-07	Compound::DB01964
3.686821514747862e-07	Compound::DB00810
3.293502857104613e-07	Compound::DB07130
3.283827538780315e-07	Compound::DB01866
3.193798363554379e-07	Compound::DB00967
3.121254508187121e-07	Compound::DB00482
2.9628031938955246e-07	Compound::DB03298
2.911960734763852e-07	Compound::DB07427
2.3705950980001944e-07	Compound::DB06920
2.2551128608938598e-07	Compound::DB06925
2.0147493273725559e-07	Compound::DB04745
1.9399432460431854e-07	Compound::DB00242
1.8787481792514882e-07	Compound::DB08029
1.871188146651548e-07	Compound::DB07321
1.8616245256453112e-07	Compound::DB01210
1.6852268913680746e-07	Compound::DB04828
1.679809997767734e-07	Compound::DB00774
1.6450400153189548e-07	Compound::DB03337
1.4400963266325562e-07	Compound::DB07715
1.3017272237902944e-07	Compound::DB07859
1.236083164712909e-07	Compound::DB01015
1.1034675395649174e-07	Compound::DB07993
1.0707113773378296e-07	Compound::DB07036
1.0415188000933995e-07	Compound::DB08569
1.0154398921713437e-07	Compound::DB01326
9.792771038519277e-08	Compound::DB08301
9.382205945485111e-08	Compound::DB00669
8.699858966565444e-08	Compound::DB04545
7.966676918158555e-08	Compound::DB00150
7.866371731779509e-08	Compound::DB03976
7.743219043732097e-08	Compound::DB03226
7.65389742696243e-08	Compound::DB07259
7.611068753021755e-08	Compound::DB02544
6.332125934704891e-08	Compound::DB08325
5.968119864974142e-08	Compound::DB07268
5.1312291304839164e-08	Compound::DB07778
4.935322550636556e-08	Compound::DB08285
4.7971109751188123e-08	Compound::DB03419
4.59189877233257e-08	Compound::DB07326
4.0183476102129134e-08	Compound::DB04616
3.6777990430891805e-08	Compound::DB04090
3.152160488184563e-08	Compound::DB07538
2.9444256810506886e-08	Compound::DB04166
2.9024890935147596e-08	Compound::DB08844
2.79422085469605e-08	Compound::DB04050
2.3851782771089347e-08	Compound::DB08422
2.317431757603572e-08	Compound::DB03982
2.2890352724402874e-08	Compound::DB08641
2.2649576436606367e-08	Compound::DB00714
2.0727492611172238e-08	Compound::DB08037
2.0449508753017653e-08	Compound::DB01149
2.0225492392000888e-08	Compound::DB07083
1.8271583357432064e-08	Compound::DB07964
1.6225067511754787e-08	Compound::DB00809
1.4211641641281858e-08	Compound::DB07836
1.3907341944729978e-08	Compound::DB07146
1.2554989936575112e-08	Compound::DB00936
1.201117161286902e-08	Compound::DB00281
1.104854874256489e-08	Compound::DB07628
1.0990686583056686e-08	Compound::DB08568
1.0696169283619383e-08	Compound::DB04855
8.737737644537447e-09	Compound::DB07339
8.584815525125578e-09	Compound::DB07015
7.431367521348875e-09	Compound::DB03837
7.2644135151733735e-09	Compound::DB02420
7.161466974991981e-09	Compound::DB08009
6.8550471965522775e-09	Compound::DB00623
6.23877038918863e-09	Compound::DB00706
6.130869145692941e-09	Compound::DB04338
5.891963805737532e-09	Compound::DB06882
4.984817891795501e-09	Compound::DB04787
4.27362500943218e-09	Compound::DB02071
3.43316153283979e-09	Compound::DB04767
3.213533217305553e-09	Compound::DB04864
2.69151922971389e-09	Compound::DB03046
2.5610502607520402e-09	Compound::DB08079
2.5375503920344045e-09	Compound::DB08490
2.2735655580419234e-09	Compound::DB08046
2.0466628392057373e-09	Compound::DB01242
1.9719088584224664e-09	Compound::DB08533
1.8080521524410642e-09	Compound::DB02962
1.7838512889056801e-09	Compound::DB08061
1.7083784387139644e-09	Compound::DB00820
1.6723342710633915e-09	Compound::DB07761
1.6663833646290982e-09	Compound::DB07345
1.4956578198166426e-09	Compound::DB03577
1.337485899810531e-09	Compound::DB06869
1.200976762483208e-09	Compound::DB01253
1.18955278960442e-09	Compound::DB04339
9.638769782327472e-10	Compound::DB08096
8.856291811021322e-10	Compound::DB08423
7.192537676559141e-10	Compound::DB00986
3.668729209316268e-10	Compound::DB00279
2.439574098289654e-10	Compound::DB03250
2.3672597215806945e-10	Compound::DB00415
2.0904068753768712e-10	Compound::DB07253
2.0443831350025476e-10	Compound::DB09462
1.4614254251199554e-10	Compound::DB08210
1.3422540856566911e-10	Compound::DB00188
1.2976883456694566e-10	Compound::DB08055
1.2831008477931505e-10	Compound::DB03984
1.175834846156576e-10	Compound::DB00619
1.1496815305322983e-10	Compound::DB00909
1.1404127642222761e-10	Compound::DB03707
1.0734479277685338e-10	Compound::DB01186
9.89078194346682e-11	Compound::DB00533
4.500603709156614e-11	Compound::DB07498
4.498621267168268e-11	Compound::DB00797
4.3898953916432504e-11	Compound::DB03867
1.7198588039835094e-11	Compound::DB04769
1.3728317961592129e-11	Compound::DB07143
1.1632996649302285e-11	Compound::DB00486
1.1381651697506268e-11	Compound::DB07289
1.044594532401133e-11	Compound::DB07206
8.438096575635878e-12	Compound::DB00251
6.769295627512273e-12	Compound::DB07471
3.860494823121341e-12	Compound::DB04066
1.9461389964836595e-12	Compound::DB00734
4.241369625304636e-13	Compound::DB07651
3.7167374755155136e-13	Compound::DB07132
2.850101881932132e-13	Compound::DB02611
2.474360777035556e-13	Compound::DB04606
2.3733505395348575e-13	Compound::DB01075
2.2134299059416163e-13	Compound::DB07974
1.575886231404422e-13	Compound::DB04632
1.532849436031332e-14	Compound::DB07926
7.367608618731678e-15	Compound::DB03535
6.078674771246547e-15	Compound::DB07235
3.733508626227195e-15	Compound::DB08173
6.834669146725547e-16	Compound::DB00402
3.6074749411756427e-16	Compound::DB00342
2.8207372401782517e-16	Compound::DB08083
2.174381750600664e-16	Compound::DB00490
1.6302520204492378e-16	Compound::DB08033
1.0363574668290085e-17	Compound::DB07605
3.0288725148307603e-19	Compound::DB03456
