115237	Q06203
115237	P09238
115237	P26951
6726	O14646
6726	P21283
6726	O75600
6726	O60882
6726	P61925
11338033	P48048
11338033	J3QSS1
11338033	O43424
11338033	P21695
11338033	Q8NEB9
8060	P48163
3151	P30084
3151	P26572
3151	O00483
10313	P50747
447911	P20594
3540	Q8TCT1
3540	Q16706
5329102	Q96C86
5329102	Q16775
750	Q15111
750	O60664
2995	Q9HB21
5327066	P10109
3702	P33981
3702	Q9UJ68
3702	Q9Y234
9926791	P14770
9926791	P35247
2818	P51687
2818	Q9UDX3
2120	P14854
176870	Q10472
5287969	P48448
5287969	P07360
5287969	Q08289
5287969	Q9HB40
4541	P50750
4541	Q6YP21
4748	Q99460
4748	Q9UM07
4748	P26572
446845	O15431
446845	P05556
446845	P04271
446845	Q8WY07
446845	P29034
5327110	Q00266
1935	Q9BZV2
1935	O95445
1935	P51149
1935	Q9BYC2
1935	P05141
1935	P45880
62156	Q12882
62156	P63000
5362422	Q8NFJ5
5362422	P22413
5656	Q9UJS0
71360	Q9Y4W6
71360	P49773
4078	P36873
4078	P22234
2247	Q9UQF2
2247	P34897
2247	P07814
2247	P28066
2247	P30793
2247	O75874
2247	P23381
2247	P51149
2247	O15375
25134265	Q9UL54
156422	Q9UKG9
156422	P10620
5494425	P11230
5494425	Q04844
4456	Q13231
4456	O14874
3100	O15511
5171	P09012
9648	Q00535
3492020	O60494
87901	P02452
5329103	P00973
4917	Q13200
4917	P03891
4917	P54886
4917	Q9Y617
4917	Q02127
4917	P27708
5326843	P52799
5326843	O75911
5326843	P23458
447700	P35499
273	P12314
273	Q92959
273	O60551
273	Q9H4G4
115015	P35348
5430	Q9UKU7
2159	P34741
10172943	P06132
123619	Q9BZW2
123619	P03891
3964	P19021
3964	P11177
3964	O43708
3964	P03901
3964	Q16647
3964	Q16831
2585	P42263
2585	P19801
2585	P04632
90263	P20061
90263	P03923
90263	P50747
119607	Q10472
119607	P22413
119607	Q9NVH6
119607	Q15274
2801	B4DUR8
2801	P34096
2801	Q9NS85
2801	P22234
2801	P31150
2801	Q5TDP6
2801	O75380
441314	Q01668
5287844	P03923
5761	Q9ULW8
19910	P33316
3034010	P49773
2160	P12268
2160	Q9NZV6
2160	P07919
2160	O60678
456214	O95954
456214	P02743
456214	Q15858
456214	Q9UMX2
456214	O43272
449240	P05107
449240	P11926
4205	Q9HB40
4205	P45877
443884	Q07837
443884	P51649
123631	Q9H1K4
3696	Q8N8R3
3696	P33908
3696	P25815
8226	P19801
8226	Q96QT4
8226	Q92753
974	O60678
5288113	P60981
5164	Q13002
5920	O60294
77918	P16118
4926	Q99758
4926	P05089
4926	P19438
4926	Q13093
4926	Q9NWM0
4926	Q6ZQN7
439407	P12104
5289159	P14060
12560	P30038
12560	P11488
54746	O43776
54746	Q16831
54746	Q8WY07
2216	P04424
66644	Q5TDP6
5073	O15067
5004	Q9GZT4
9547919	P69905
60149	P21549
5312137	P43007
5312137	O00591
5312137	P51648
5312137	Q13907
5312137	Q9NPD5
5312137	Q9UP95
5312137	Q92959
5312137	P12271
2856	Q969P6
2856	P49619
2856	Q15274
2856	P51606
4158	O15144
4158	Q9Y3D2
5452	Q9NWM0
5452	P51149
5452	Q32P28
1547484	O43776
1547484	P30305
1547484	P40616
11492186	P35610
23897	P45452
23897	Q02750
23897	P05556
23897	Q9ULA0
23897	P22033
6409	Q92930
8515	Q9UHI5
5095	P03950
2249	Q9Y689
5479530	Q8N1C3
5289517	P10912
3371	O43181
3371	Q969P6
3371	Q96KC2
4011	Q16222
4011	Q15181
6038	P17787
6038	P98160
6038	O60939
6038	Q14500
6038	Q9Y251
3396	P23921
3396	Q02880
3396	P05556
3396	O14521
3295	P15170
1694	P14868
700	P48552
444965	P14920
5578	Q92876
2913	P08217
18794	P22413
18794	P07384
16362	P16219
1649	Q9Y257
4543	Q9ULZ9
54369	P41180
449162	Q9Y6L7
5991	Q53GD3
3038	Q96C86
3038	Q15067
3038	P17050
227	Q96BD0
227	O60779
227	O60939
667639	Q9NYX4
208908	Q9Y4W6
208908	J3KNF8
10224714	O60218
3055	Q92831
3055	P21980
5355	P36959
5355	P20618
5355	O60513
5355	O95139
5355	Q13907
5005498	P07451
5005498	P49585
5005498	Q9NXG6
5005498	Q9H2X9
5005498	Q01650
5005498	Q9Y6R1
2406	Q9NS18
2406	O60909
2406	Q16222
5035	Q8WX39
5487	O95237
6005	P03901
6005	Q9Y234
6005	Q99758
448238	P41240
11524144	Q9BXI2
3157	P48728
5734	Q9HD40
5734	P52732
5734	P22413
5734	O60931
446094	P13945
446094	P36021
446094	Q9UNK4
446094	O95169
110635	P17568
5314	Q96NX5
4976	Q96GD4
4976	P34896
4976	O14949
11987868	P02818
24360	Q96KC2
445319	Q9Y2J8
5289418	Q13002
5881	Q9ULA0
445383	P10632
8761	Q04844
8761	O75493
456255	P27816
129211	P78536
5494411	Q16719
6274	Q8N139
4708	Q96GD4
5327013	P07204
5312804	J3KNK1
392622	P30038
4114	Q9UPY5
132519	Q9UKG9
132519	Q15274
132519	P36959
379	Q92637
4601	P43116
4601	P20138
11960529	Q8TE23
644213	O76054
24901723	P22891
6267	P51843
5289085	P17612
5289085	Q92831
4449	Q13627
4449	P03905
4449	P55072
5280863	Q9ULC6
67361	P30532
67361	Q86YB8
3468	P27816
3468	Q8NFW8
3468	P36021
9549180	P35080
2170	P36873
2170	Q03013
2170	P50750
2170	Q7RTV2
2170	P46439
2170	Q15181
444763	P20941
31721	Q96QU6
8179	P35408
2776332	P12314
125132	O43678
125132	Q8N139
125132	P49759
3647	P47871
2179	P03915
5584	P34896
5326739	Q15067
5326739	O95255
5326739	O00182
5326739	Q16671
5326739	Q03426
5326739	Q00796
5326739	Q14416
5326739	P47871
5326739	O95479
5326739	Q15166
3922	Q9Y2J8
3559	Q96MA6
3559	Q9UDX4
3559	P01859
2723698	P15090
4634	P61024
4634	Q9NR19
3494	P17931
398148	P22695
6230	P49146
6230	P50747
6230	Q9UK17
11957380	P53355
448580	P09488
448580	P18283
61207	Q9Y6L6
2119	O15382
2119	P54886
4369524	P60900
67532	Q6VVX0
36811	O15460
10258	Q9Y617
449120	Q9NP56
1881	P23381
5572	P16455
5572	P36896
5572	P53004
4066	Q13126
4066	O75489
942	Q03431
156391	Q96NX5
156391	P10114
8182	P22314
8182	Q9HAS3
8182	P36888
15991547	Q9UNK4
2788	Q96KC2
4100	P24298
5472	P23416
5472	P28074
5472	Q8N119
124087	P36873
124087	P17568
124087	P05141
3510	Q13085
5287728	P34096
980	Q01650
980	P31358
980	Q9UDX4
5327073	O14735
4927	P60900
4927	J9JIE5
4927	O95182
4927	O43181
23648296	P35916
448043	P12883
448043	P13500
65063	P30532
1986	Q9BXI2
21439	Q9BZX2
25210478	P41250
13493	Q9NWM0
65999	Q9UDW1
4020	P23416
98487	P08107
132302	Q8N9I0
10450624	P40937
15391	Q14416
4436	O75976
43815	Q9NS18
43815	P28066
43815	P00973
43815	P42768
5568	Q9BZW2
92745	P11717
14925	P10600
3337	Q96J66
3337	Q9UIG8
3337	P35914
4174	Q96EM0
3033538	Q9H4Y5
97297	P22314
97297	Q03721
24417	Q9NYK1
24417	P06241
62258	Q99835
4659569	P62993
11138	Q86XF0
394347	Q9NZL9
10257	P16234
10257	Q99835
5487313	P35080
448976	Q99250
5401	Q15418
9804302	Q9H015
9804302	P30838
5312125	P09466
2726	Q8IUZ5
5870	O60858
41693	P09960
4566	P07949
4566	P22735
4566	P22888
6540268	P31937
3064778	P35670
3064778	P10912
5358	P49585
2662	Q9NVS9
2733514	O95479
4735	Q9UHI5
4735	P24298
4735	O95169
440717	P02763
4932	O15431
16758228	Q9BZR6
16630	P09382
97032	P42330
5288173	O14936
25113614	O60656
5533	P07098
3042	Q14353
3042	Q9GZT4
24851689	P08123
11691442	Q96A70
24066	P11230
4044	P68104
59768	Q7RTV2
4368	Q9NYQ3
3386	P53611
3386	Q9UBX1
448002	O60656
448002	P07098
448002	P35626
760	Q92930
439744	Q96HD9
6420121	P06126
447682	P63098
3825	Q86WA6
6852147	P68871
6852147	P17707
6852147	Q9Y3I0
151170	P10620
11175137	P10253
37464	P13073
1188	Q92637
90206	Q96T66
90206	O60896
90206	Q96Q83
16078	P53609
4212	Q9Y2J8
21307	P54219
5329	O75746
165879	Q9UM07
165879	P49759
82146	Q9Y646
13472	P29373
68844	P26447
68844	O00180
68844	O60911
35370	O15270
35370	O60779
448110	P03897
446242	P78540
446242	P07686
446242	P08588
5798	Q01064
448400	Q8WUI4
3827	Q8NFW8
3827	Q02763
16750059	Q96GA7
261000	Q12756
158397	Q12882
11790	Q9H228
53232	P30038
5287467	P00367
5287467	P43003
6228	O60779
5287541	O95665
5287541	Q9UNN8
5287541	P09871
5287541	P52799
5287541	M9MML0
7054	Q15166
6102690	Q16566
2968	P27816
4828	P31153
4828	P30044
5192	Q15166
92249	P09417
8063	Q9UBK8
122623	P43405
24748050	P54819
15130	O14786
440046	Q06520
2733779	Q08188
443388	P09668
5253	P26951
2403	Q9HB21
128600	P03956
16758226	Q9H2S1
445501	Q16739
5709	P04818
5733	P12235
5733	Q96SL4
2541	Q86UW2
2541	Q9Y6L7
4908	P26572
104758	P24557
11633167	Q9BYC2
5210	P55196
4919	P36888
4919	P11802
8076	O15440
8076	P78559
60825	O75900
9547890	P51580
5284592	P46976
8223	Q15031
8223	P84077
8223	P60900
6420119	Q12908
5287587	P48506
2141	P53611
447950	O95573
3675	Q05315
107765	P35520
2708	P52848
154575	Q8NET8
154575	O43678
110634	Q9UJ68
11852	P55011
20689	P04632
969472	Q6U841
2905	P04053
5288371	P35368
5287495	Q96BD0
8078	O15066
3345	P12268
5880	Q01650
5880	Q96C86
23653530	O60656
4470573	Q00653
446934	P49448
5687	Q96QU6
24466	Q08209
9821178	Q9NY46
64727	P08243
64727	Q9GZT4
17429	P29508
1050	P38484
7389	Q9BWD1
6468	P17900
65094	O94832
446018	P40261
39042	Q92930
25058136	P07307
854026	Q9BWD1
96876	P03923
96876	P22413
941651	O15145
444718	Q13509
535	Q92959
535	Q9Y6Y9
5284596	Q96F10
151166	P19021
151171	Q96A70
72194	P25100
5029	P48544
208898	P35670
5212	O00469
9958	Q9UG56
5756	Q9NZD2
3385	Q9UDX3
82148	Q12866
119828	P53674
24752837	P47985
39468	Q7RTV2
2230	P18085
5090	P43007
123648	Q9Y5R8
446753	P07858
24905144	P11511
2280	P16662
6914595	J9JIE5
461278	P07355
446758	Q96RQ3
6862	P55196
3485	O15511
9782	P48167
1150	P50281
2764	Q16538
3561	Q9BVA1
4197	P26572
6420159	Q9Y4W6
25134249	P14618
5280883	O60895
25920890	P19793
3883	P51512
4189	O43447
444020	P07814
51634	Q8NFJ5
4168	Q13426
4168	O00217
3676	P40261
3676	O75306
5335	P30291
60726	Q13423
5894	Q9UN88
20279	P52895
445951	X6R3B1
656969	Q86UW2
447027	P22888
5281040	Q9BQE3
82153	P27695
1082702	P29323
5139	P52732
4781	P17568
6918537	Q9HAS3
127716	P47929
12793	Q06432
57030	Q9Y6R1
3748	P50897
5289457	Q9H936
178	O95838
96	O15431
4477	Q13093
1530	Q8N4M1
342	P31358
69020	Q9H1K4
11668	O95665
650361	P29034
4369567	O14764
10007	P10153
9875401	P49585
831616	P36544
9547915	Q13464
5327159	Q99798
3002977	O76082
4369325	P25024
1662	P29377
3869	P62714
5504	Q16696
445958	Q92569
449193	P07307
5284570	P03891
5284570	P10644
4723	O60733
5281672	P28566
637090	P07237
1174	Q04844
3220	Q02221
2381	Q7L3T8
448968	P02452
5790	Q8TCU5
499953	P78362
215436	Q8IWU9
449125	P08100
447607	Q9UN88
447607	O95881
1609	O14717
1615	P78362
1990	Q9Y6M9
16046126	P48664
65124	P51800
3010818	Q05586
4357	Q03426
3739	P11309
7302	Q9HB21
7504	P38484
9549259	P05162
195347	P28329
5287600	J3KPD6
98527	Q02318
39186	Q92930
4369485	Q96I59
447960	P03891
66827	Q9NUB1
447048	Q96CD2
3038525	O75911
854023	P15813
2369	P24298
444698	P29373
65856	P22413
54477	P45844
26721	P48637
4369452	P51512
5327130	P22459
753	Q9NSA0
753	P15056
753	P21964
753	Q15843
753	Q9UMR2
753	Q9NRN7
753	Q9UQM7
753	Q13464
753	Q86XF0
753	Q5VVH2
753	P11597
753	P37288
753	Q9NVS9
753	P04150
753	P02768
753	Q02878
753	O95782
753	P19525
753	P36542
753	Q9NRG4
753	P40926
753	Q9H3D4
753	Q14831
753	P29017
753	Q15046
753	Q9UNA0
753	Q7L804
753	Q96HD9
753	Q99683
753	P17050
753	P41743
753	P62829
753	Q9NZK5
753	P63316
753	P49792
753	Q8N159
753	Q9BZI7
753	Q8NBZ7
753	P14174
753	Q5FBB7
753	P35914
753	Q9H0R4
753	P49327
753	Q13418
753	Q7Z3T8
753	P23919
753	P54687
753	P22234
753	Q9UBE0
753	Q9UK80
753	O43353
753	Q04917
753	Q06278
753	O15530
753	Q9UHY7
753	P78563
753	Q96QZ7
753	P55789
753	P08236
753	P62847
753	P46063
753	Q04760
753	Q8NHP8
753	Q86VZ2
753	Q9H3S4
753	Q9BY41
753	Q9Y2C4
753	Q9Y4I1
753	Q14203
753	P53355
753	Q9GZT9
753	P51659
753	Q92871
753	O14727
753	P14410
753	P48637
753	P31146
753	Q96LZ3
753	Q9UBT6
753	P78536
753	Q9UGI8
753	Q9UK32
753	Q15835
753	P13569
753	P49721
753	P34896
753	P03372
753	Q86VW2
753	Q96L34
753	P16930
753	Q13011
753	P48736
753	P05062
753	Q13029
753	P51570
753	P51580
753	Q8N8N7
753	Q9UQL6
753	P08833
753	O95363
753	Q9BRR9
753	P34059
753	P12429
753	Q04721
753	P05026
753	P61626
753	Q15078
753	P14927
753	P55212
753	Q12882
753	Q15848
753	Q9Y4D2
753	P52630
753	P05187
753	Q12756
753	Q9NW38
753	O95149
753	P10253
753	P48047
753	Q9UEW8
753	P10145
753	P17676
753	P08294
753	O43681
753	Q8TEA8
753	P11172
753	P40763
753	P02511
753	P18848
753	P07858
753	P09467
753	Q14749
753	Q00722
753	Q9GZT4
753	P05981
753	O14578
753	Q96RG2
753	Q96QT4
753	P0DJD8
753	P43005
753	P49356
753	P09237
753	Q13620
753	P53611
753	P00403
753	P07384
753	Q99593
753	F8WCM5
753	P25705
753	Q02127
753	Q53HL2
753	Q99496
753	Q8IWL3
753	P49411
753	P59998
753	P63098
753	Q9UM73
753	Q09013
753	Q9P0L2
753	P11926
753	Q14432
753	Q9UBT2
753	P48147
753	Q96FJ0
753	Q9Y5R8
753	Q8IYW5
753	Q9UPY3
753	P78527
753	P62913
753	P02788
753	Q6VAB6
753	Q9Y3D2
753	P16871
753	P14625
753	Q15768
753	Q99798
753	Q12888
753	Q9BYF1
753	Q16288
753	Q96I99
753	P54760
753	Q16611
753	P34913
753	Q92731
753	Q92696
753	Q15303
753	Q16134
753	P00750
753	P35968
753	P18146
753	P46060
753	Q02156
753	Q96KP1
753	Q9ULH7
753	Q9GZV3
753	Q9Y223
753	Q01970
753	P60568
753	Q14839
753	O00763
753	O43414
753	Q494W8
753	P01241
753	Q6NXR0
753	P54764
753	Q9Y6F1
753	O15550
753	Q9UMR5
753	Q02543
753	Q92793
753	Q16584
753	P43026
753	P08709
753	Q9NWX6
753	Q9H6I2
753	Q16832
753	P43490
753	P21673
753	Q8NFM4
753	Q13822
753	Q9UHL4
753	Q9BQD3
753	Q8WTS6
753	Q15493
753	Q15067
753	P18858
753	P01185
753	Q13625
753	P56524
753	Q6NYC1
753	P00973
753	O76003
753	Q9H5I1
753	P56199
753	Q01959
753	Q96PD5
753	O14773
753	Q8NC06
753	P07949
753	Q16620
753	Q7Z4J2
753	P42684
753	O75460
753	H3BLT4
753	P09669
753	Q13162
753	P13929
753	P27707
753	Q6MZZ7
753	O60942
753	Q96MW5
753	Q6ZUT9
753	P49366
753	Q9Y6Y9
753	Q9NY33
753	P62888
753	Q9HCG7
753	P54727
753	Q14451
753	O60563
753	P48443
753	Q92900
753	P04792
753	Q05940
24779724	O60942
983	P49441
983	Q92692
983	P08236
983	P02774
983	Q9HCR9
983	Q9ULH7
70815	Q9Y253
70815	Q9HBA0
70815	P13929
70815	P15954
8172	P02766
8172	Q16478
8172	P35222
8172	P07686
8172	P23526
8172	Q9NWX6
8172	P04792
8172	P17676
8172	Q16620
8172	Q9NZK5
8172	P58753
8172	Q16623
8172	P62829
8172	P14210
8172	P54687
68841	Q9H4P4
68841	Q96HD9
68841	Q99436
68841	P07311
68841	Q9NWT6
68841	O76003
68841	Q16665
68841	Q9BQG1
68841	P43490
68841	P32969
68841	Q9UK32
68841	H3BLT4
68841	P19971
68841	Q86TI2
68841	Q5FBB7
68841	Q9BYT8
68841	Q9UM54
68841	O76041
68841	Q04864
68841	Q9ULD4
68841	P49356
68841	P17050
68841	P55809
68841	P78536
7339	P04792
7339	Q13144
10250490	Q9Y6M4
2740174	P01574
440552	Q9UJY5
440552	P29376
440552	P22830
440552	Q16740
440552	Q9H6Z4
440552	Q04609
440552	P56381
440552	Q12852
440552	P55087
440552	Q99683
440552	Q30201
440552	P19438
440552	Q9UPP1
440552	P48147
440552	Q15843
440552	P55789
440552	P53990
440552	Q9Y259
440552	Q9Y223
440552	P55212
440552	Q8IUQ4
888	P43026
888	Q9ULD4
888	P35247
888	P14543
888	Q07912
888	P03372
888	Q9NZK5
888	Q13191
888	Q8NCW5
888	Q9NYY3
888	P32969
888	Q08881
888	Q04760
888	P37231
888	O14929
888	Q9H299
888	P08100
888	P35557
888	Q9UPP1
888	Q08426
888	Q04771
888	Q9BZL6
888	Q9Y2T3
888	Q8TDB6
888	P08833
888	P48740
888	P61626
888	Q9UNA0
888	Q9UGI8
888	P02774
888	P24310
888	P09669
888	P01185
888	P51813
888	Q96C86
888	Q9HBA0
888	O15455
888	Q9HCN6
888	Q9H5I1
888	P04818
888	P20674
888	Q8NBZ7
888	P69905
888	Q13490
888	Q06124
888	P22681
888	Q9H361
888	P48736
888	Q04828
888	Q709F0
888	Q14451
888	O15151
888	Q02127
888	P05062
888	Q15768
888	Q6PHW0
888	Q9UBC0
888	P40926
888	O60729
888	Q99714
888	Q8TDZ2
888	Q13188
888	Q9UHY7
888	Q9HCG7
888	Q99704
888	Q99728
888	Q9UKK9
888	P54727
888	P35222
888	Q8IV48
888	P35225
888	P21912
888	Q14573
888	Q9BZP6
888	Q99574
888	O95786
888	P29353
888	Q9H8S9
888	P48637
888	Q9H4G4
888	Q96D53
888	P05089
888	Q9UHL4
888	O76003
888	Q9GZV3
888	Q99497
888	P35221
888	Q92871
888	Q9UMR2
888	Q8IU57
888	Q12830
888	O43353
888	Q13029
888	P26368
888	Q9ULJ8
888	Q96RS0
888	Q9BRR9
888	Q15493
888	P04792
888	P19235
888	Q9Y3D6
888	P02766
888	P20702
888	P17752
888	O60502
888	O75436
888	P16930
888	P14920
888	P47985
888	Q96T60
888	P62266
888	P30153
888	P19021
888	Q9Y600
888	P34913
888	P34896
888	P30613
888	P30049
888	O14777
888	Q9HBL8
888	Q13162
888	P11182
888	Q7KZF4
888	P07686
888	Q6UX04
888	P42684
888	Q96LZ3
888	Q9BWD1
888	Q13526
888	P10523
888	Q9UK80
888	Q6MZZ7
888	P49765
888	Q15796
888	O43809
888	Q16822
888	P00451
888	Q86U86
888	Q13813
888	Q13432
888	P38398
888	Q8TD30
888	Q96AT9
888	Q92753
888	Q9Y3R4
888	P19971
888	P23467
888	Q14790
888	Q9NXS2
888	P18848
888	Q9UKG9
888	Q16772
888	Q9H6I2
888	P11597
888	Q14677
888	Q9NUW8
888	O75116
888	P58753
888	P11717
888	P15927
888	P23919
888	O60341
888	P0DJD8
888	Q05940
888	Q9HB20
888	Q8WVN8
888	P04080
888	P53990
888	Q12809
888	O14773
888	P40337
888	P02511
888	Q5SRE7
888	P08294
888	O94972
888	Q9UGB7
888	P02751
888	Q16762
888	Q92731
888	P42338
888	P55072
888	P50395
888	P11926
888	Q14653
888	Q7Z3T8
888	P25054
888	P78417
888	Q03591
888	P30876
888	Q9Y6K8
888	Q86SR1
888	Q9ULH7
888	Q9UBQ7
888	Q8TEK3
888	Q9H999
888	P49354
888	P25705
888	P41743
888	P62888
888	H3BLT4
888	Q8TF65
888	Q8NHR9
888	P63316
888	P09601
888	Q96HD9
888	Q8WZ73
888	Q9UPY3
888	Q8IWL3
888	Q8NCD3
888	P12004
888	Q9UJY5
888	P78536
888	Q9GZX6
888	P40261
888	Q96FJ0
888	P22607
888	P49356
888	Q92794
888	P51687
888	Q9BQD3
888	P12724
888	P81274
888	P02461
888	P23381
888	Q16134
888	Q01959
888	P14921
888	P56524
888	Q96BT7
888	Q8WWV3
888	P09237
11213558	P69905
11213558	Q14677
11213558	Q92900
11213558	P46063
11213558	P23919
11213558	Q9NP99
11213558	Q8TAA3
11213558	P19174
11213558	Q9UDW1
11213558	P06744
11213558	Q9Y617
11213558	Q99704
11213558	P29017
11213558	P54727
11213558	Q12756
11213558	P60880
11213558	P31930
11213558	P27694
11213558	Q15493
11213558	P04080
11213558	Q9BV79
11213558	Q8IYT8
11213558	P06401
11213558	Q9H7Z6
11213558	Q14344
11213558	Q9Y615
11213558	Q07912
24864821	Q9Y5R8
1628	O60942
712421	Q16620
712421	P16591
5289613	Q9Y2I1
30819	Q9BVA1
30819	Q9UI42
30819	P20839
30819	Q08116
30819	Q53H82
30819	P37231
30819	O15455
30819	P30153
30819	Q53HL2
30819	Q16740
30819	P63098
30819	Q6B0I6
30819	Q9BWD1
30819	Q86SR1
30819	P51665
30819	P22607
30819	P21912
30819	Q6MZZ7
30819	P43026
30819	P04062
30819	Q7Z4J2
30819	Q92794
30819	Q9H7Z6
5289469	Q9UBQ7
5329102	Q03405
5329102	Q86VZ2
5329102	Q9Y376
5329102	P49356
5329102	Q92913
5329102	P56381
5329102	O60844
5329102	Q9H361
5329102	Q14764
5329102	P14543
5329102	Q9H2K2
5329102	P17050
5329102	Q9UJ71
5329102	P21964
5329102	P04818
5329102	P63165
5329102	Q9NUW8
5329102	O14521
5329102	Q9Y6K8
5329102	Q9HAQ2
5329102	P07333
5329102	Q9H477
5329102	Q9UBZ9
5329102	Q95365
5329102	P55087
5329102	Q8WZ73
5329102	P02751
5329102	P02788
5329102	P09622
5329102	Q92871
5329102	Q9HB20
5329102	P24385
5329102	P63098
5329102	Q13144
5329102	Q7KZF4
5329102	Q8N159
5329102	Q96I99
5329102	Q7Z4J2
5329102	P35914
5329102	Q9Y3R4
5329102	Q8TEA8
5329102	P49366
5330812	Q96CA5
5330812	Q9C005
5330812	Q01082
5330812	P49354
5330812	Q9UBT2
5330812	Q15067
5330812	P01730
5330812	O60502
5330812	Q07889
5330812	Q9UBQ6
5330812	Q9BZX2
5330812	Q9UMF0
5330812	Q6PHR2
5330812	Q9NZK5
5330812	P07741
5330812	Q6NXR0
5330812	Q9UPN6
5330812	Q8IUR0
5330812	P23467
5330812	Q9UII2
5330812	Q9HBL8
5330812	Q92696
5330812	P15309
5330812	P19883
5330812	Q96MW5
5330812	O14976
5330812	O14773
5330812	P36222
5330812	Q16822
5330812	Q7L266
5330812	P13497
5330812	P16333
5330812	P63316
5330812	P47985
5330812	P04150
5330812	Q9NVJ2
5330812	P62158
5330812	Q96I99
5330812	Q6B0I6
5330812	Q9GZX6
5330812	Q96D53
5330812	Q6ZUT9
5330812	Q9H3D4
5330812	P09327
5330812	O00255
5330812	P14555
5330812	Q9NRK6
23994	Q96ES7
23994	P43405
23994	Q02246
23994	P05062
23994	P52630
23994	Q96A44
23994	P29376
23994	P51665
23994	P42345
23994	Q12756
23994	Q9UGB7
23994	Q8TF42
23994	P29475
23994	Q9UKG9
23994	Q07889
23994	P30049
23994	O14929
23994	P48443
23994	Q14749
23994	P09669
23994	P35869
23994	P00451
23994	Q9UBQ7
23994	O43681
23994	P05026
23994	P39687
23994	Q9H999
23994	Q9Y6F1
23994	Q08334
23994	Q16654
23994	Q13976
23994	P42684
23994	P09960
23994	Q8WXI4
23994	P61626
23994	P14920
23994	P49448
23994	P30613
23994	Q9NWX6
23994	P40926
23994	Q6PHW0
23994	Q8IYT8
23994	Q8N0W4
23994	P47736
23994	P04062
23994	P11172
23994	P23381
23994	P37108
23994	Q14289
23994	Q9BYF1
23994	P16157
23994	O14521
23994	P27707
23994	Q9BY41
23994	O75116
23994	P02768
23994	P43490
23994	P14927
23994	P62158
23994	P24666
23994	P50395
23994	Q9UM73
23994	Q01959
23994	Q8TF65
23994	P20702
23994	P00742
23994	Q01968
23994	P04278
23994	Q9NWW6
23994	Q15046
23994	P00973
23994	Q8TAM1
23994	Q08AH3
23994	Q9NPB1
23994	P55212
23994	Q9BRR9
23994	Q96RS0
23994	Q09013
23994	Q13188
23994	P37231
23994	P54687
23994	P09327
23994	P17676
23994	Q10588
23994	P38398
23994	Q02763
23994	Q9UPY3
23994	P23368
23994	Q9C005
23994	P46934
23994	O14976
23994	P02751
23994	P98153
23994	Q16740
23994	P36888
23994	Q13526
23994	Q9UGP5
23994	P52788
23994	Q9BQG1
23994	Q9Y2C4
23994	P15309
23994	O00255
23994	P23526
23994	O43252
23994	P19174
23994	P07333
23994	P14616
23994	Q9UBC0
23994	Q01167
23994	Q9HB20
23994	P14625
23994	Q14764
23994	P07602
23994	P52732
23994	Q13813
23994	Q99704
23994	Q9UGJ1
23994	Q16288
23994	Q9UHY7
23994	Q9UBV7
23994	P21673
23994	P37288
23994	P55318
23994	P35557
23994	Q9UEW8
23994	Q9H0P0
23994	Q9Y223
23994	P14866
23994	Q9UJ68
23994	Q9UBZ9
23994	P12004
23994	Q12852
23994	P12694
23994	P07919
23994	Q9UDW1
23994	P62993
23994	Q6VAB6
23994	Q9UBT2
23994	P51659
23994	Q15223
23994	Q06124
23994	Q9H4Y5
23994	Q95365
23994	P48740
23994	P51580
23994	Q96KP1
23994	Q9P1Q0
23994	P00403
23994	P22234
23994	Q53EL6
23994	Q8NBK3
23994	Q9Y5Y4
23994	Q92696
23994	P34913
23994	Q8TDZ2
23994	P10646
23994	P10145
23994	Q9HCE7
23994	Q92731
23994	P35916
23994	Q9NTJ3
23994	Q9NRN7
23994	Q99418
23994	P35247
23994	Q9Y253
23994	Q9Y616
23994	P49765
23994	P29377
23994	Q12906
23994	P14210
23994	Q13432
23994	Q709F0
23994	Q86XF0
23994	Q16623
23994	Q9NZN4
23994	Q6PHR2
23994	O60610
23994	Q04864
23994	P09619
23994	Q9H6Z4
23994	Q13029
23994	P25054
23994	O15144
23994	Q99728
23994	O60502
23994	Q9GZT4
23994	Q14315
23994	O14727
23994	P11926
23994	P02788
23994	P58753
23994	Q96QT4
23994	P43026
23994	O95363
23994	P55087
23994	Q96L34
23994	Q96QZ7
23994	P00750
23994	P48147
23994	Q15067
23994	P08922
23994	P24385
23994	P08709
23994	Q86VW2
23994	P08581
23994	O60341
23994	P09601
23994	P08833
446504	Q92753
446504	P15309
446504	Q04828
446504	Q53HL2
446504	Q15375
15295578	Q9UBT2
750	Q9UGP5
750	Q16873
750	Q9NZK5
750	Q8IV48
750	Q9NRJ5
750	P09601
750	Q02246
750	P13569
736104	Q16637
114683	P49448
10976469	P53611
2995	O14777
2995	Q9Y5R8
2995	Q96RG2
24752844	Q99798
2818	P15954
2818	Q9UKU7
2818	P35968
2818	P14555
2818	P62993
2818	Q9Y259
9926933	P55212
176870	P51649
176870	Q9BY49
11314340	Q9ULV8
11314340	P20702
11314340	P10145
11314340	Q9HD89
11314340	P21695
11314340	Q14790
28864	P07384
28864	P35247
28864	Q9UKU7
28864	P29475
28864	Q16513
28864	P20839
28864	Q02221
28864	P24385
28864	Q9UHY7
28864	Q9H0N5
6436135	Q9UGB7
5287969	Q9BQG1
23925	P50336
23925	Q9UBV7
23925	P62158
23925	P04792
23925	O15151
23925	Q96MW5
23925	Q99683
23925	P50479
23925	Q9HBL8
23925	Q8WVN8
23925	Q6JVE9
23925	Q8IUQ4
23925	P09327
23925	O75460
23925	P14866
23925	Q16478
23925	Q9UJ68
23925	P56381
23925	Q9UBC0
23925	Q3ZCW2
23925	P09874
9994066	Q06124
5288834	P56199
5288834	P51665
5288834	Q14344
5288834	P10145
5288834	Q14831
5288834	P25098
5288834	P07333
5288834	Q9ULJ8
5288834	Q8WVN8
5288834	O15164
5288834	Q8NHP8
5288834	Q16513
5288834	P10253
5288834	P16930
5288834	O14777
5288834	Q16877
5288834	Q9HD89
5288834	P15927
5288834	Q9H7Z6
5288834	P20936
5288834	P40763
5288834	P51659
5288834	P03372
5288834	Q05586
5288834	P16157
5288834	Q7Z4I7
5288834	P43235
5288834	Q9Y6M4
5288834	Q9H3R0
5288834	Q9ULZ9
5288834	Q9H4Y5
5288834	P46060
5288834	P55809
5288834	Q709F0
10039403	P10145
10039403	Q02221
216239	Q99497
216239	Q9BYN0
216239	Q14807
216239	P41743
216239	P54652
216239	Q9UQL6
216239	Q6NYC1
216239	P18146
216239	P51813
216239	P46934
216239	G5E948
216239	Q16134
216239	Q9UKG9
216239	Q8TEK3
5362422	Q05940
5362422	P54687
5362422	Q14839
5362422	O75116
5362422	P52788
4636204	P69905
11992146	Q9HAQ2
11992146	Q10588
11992146	P25098
11992146	Q9P0L2
11992146	P00156
42615254	Q6P587
867	Q8NCW5
867	P43405
867	O43683
867	Q8TF65
867	P35869
867	Q16877
867	Q14573
867	Q9Y253
867	P54619
867	Q15493
867	Q5FBB7
867	P14625
6287	Q16832
6287	P40763
5957	P55212
5957	Q12888
5957	Q9HD89
5957	Q01968
5957	P01909
5957	P30613
5957	P00973
5957	Q9NQL2
5957	Q9Y4I1
5957	Q9NPB1
5957	Q96CA5
5957	Q14203
5957	Q8IUH5
5957	P06731
5957	P12694
5957	Q9Y616
5957	P78563
5957	Q9UPN6
5957	Q9H0R8
5957	Q16478
5957	Q9ULH7
5957	P48740
5957	P34059
5957	Q9Y223
5957	Q9UBT2
5957	Q15768
5957	P53611
6386	Q9UJ71
6386	Q9UKG9
24905153	O00763
24905153	Q8TDZ2
24905153	Q86VZ2
24905153	Q16873
156422	Q9UQL6
156422	Q9ULJ8
156422	Q6P587
156422	P26368
156422	P35869
156422	O14777
6119	Q5VW32
6119	Q14957
6119	Q9NZN4
5494425	P35557
5494425	Q9Y478
5494425	Q96I99
5494425	P09237
5494425	Q92913
5494425	P48740
5494425	P52952
5494425	Q5VW32
5494425	Q8IWL1
5494425	O14521
5494425	P54619
5494425	Q9Y5S2
5494425	O15455
5494425	P49959
5494425	Q9H461
5494425	P04818
5494425	Q96HD9
5494425	P09848
5494425	P49356
5494425	Q8TEA8
24905142	Q9H299
24905142	Q9H7Z6
24905142	P23467
24905142	Q9BX84
24905142	Q14031
24905142	Q8TAM1
24905142	P56381
448841	P51512
6106	Q7Z4J2
6106	Q13620
3062316	Q9H361
3062316	P41743
3062316	Q01064
3062316	P49959
3062316	O60563
3062316	P38398
3062316	Q9UHL4
3062316	P15927
3062316	Q15223
3062316	Q9Y3D2
3062316	O14976
3062316	Q9UN37
3062316	P51649
3062316	P37231
3062316	Q96T60
3062316	Q96RG2
11291932	F8W6W8
3100	P19878
3100	P29376
3100	P62913
9750	P34059
9750	P15927
9750	Q9Y253
5329103	Q14839
5329103	P68036
5329103	P13497
5329103	Q9Y259
5329103	Q99496
5329103	Q9ULH7
5329103	P49366
5329103	Q08116
5329103	Q16623
5329103	P40337
5329103	Q96QT4
5329103	Q9NVP1
5329103	Q9UBP6
5329103	O95782
5329103	Q7Z4J2
5329103	Q8WVN8
5329103	G5E948
5329103	Q9UDW1
5329103	P09874
5329103	P23467
5329103	Q9BRR9
5329103	P31645
5329103	Q9P1Q0
5329103	P36542
5329103	Q9H6Z4
5329103	P49441
5329103	P42345
5329103	Q9UBQ7
5329103	P51665
5329103	P78417
5329103	Q9GZT4
5329103	Q12882
4917	Q9Y2D0
24905152	P22830
24905152	Q03591
24905152	P01185
24905152	Q01167
447700	P13224
643975	P56199
643975	Q9Y678
643975	Q05940
643975	P05026
643975	Q9GZT4
643975	P55087
643975	Q9Y6I3
643975	Q92793
643975	P07741
643975	Q13432
643975	P35625
643975	Q92900
643975	Q99436
10172943	P14324
10172943	P14625
3034285	Q9HCG7
3034285	Q9UPN6
3034285	Q08334
3034285	P49721
3034285	P49448
16757525	P06401
16757525	Q01524
16757525	O60658
449014	Q01524
9547935	Q9P1Q0
9547935	Q9H3R0
9547935	Q9Y2I1
447873	P55087
447873	Q9GZV3
447873	P62753
1140	Q13029
1140	P48740
702	Q9H0R4
702	O14976
702	Q96CA5
702	P27824
702	Q96T60
702	Q16665
702	P00403
702	O15164
702	Q8N159
702	P09669
702	O60271
3964	Q5VVH2
15991573	Q96C86
60961	Q9UI42
60961	Q13490
60961	Q30201
60961	P50395
60961	Q9NVV9
3198	P38398
3198	Q15223
3198	Q05940
3198	P42684
3198	Q8TD30
445990	Q9Y4I1
124886	Q92692
124886	P04792
124886	Q9UNN8
124886	Q9Y468
124886	Q12809
124886	Q96MW5
124886	P16930
124886	O75116
124886	P19883
124886	O43252
124886	Q9Y3Y4
124886	Q9H361
124886	Q86XF0
124886	Q9UBP6
124886	Q13144
124886	P09622
2585	P52630
2585	Q8TDB6
2585	Q9P286
2585	Q9BZL6
448123	Q9HD89
1053	P36542
1053	Q8TEK3
6914629	Q96CA5
12374	P19021
12374	P51580
12374	Q8TEK3
12374	O43809
12374	P14555
12374	Q16288
445154	P54829
445154	P53990
445154	Q8IV48
5287844	P07602
5287844	P53990
5287844	Q9Y2I1
5287844	P14866
5287844	Q8N0W4
5287844	Q99497
5287844	P54652
5287844	Q9GZT9
5287844	Q9H0R4
5287844	P35914
5287844	Q07889
5287844	Q04917
5287844	Q96IV0
5287844	Q9ULA0
1175	Q99683
1175	O43681
445713	P11172
445713	Q92793
445713	Q9HCR9
679	Q99704
679	O96017
679	Q13144
679	P07741
679	Q15843
679	O00519
679	Q9UQM7
679	P08240
679	P10721
679	Q8IUQ4
679	Q7L804
679	P61218
679	P22303
679	Q709F0
679	P25440
679	Q8WWV3
679	Q9UBE0
679	Q9UPP1
679	P02751
679	P30613
24762195	O60844
24762195	O96017
668	P19438
668	Q15835
6604229	P02768
6604229	Q8WUM4
6604229	P51665
6604229	Q9NVV9
24864077	Q9H477
5281855	P62847
5281855	Q96FJ0
5353305	P07384
3034010	P09327
3034010	Q9UGI8
446752	P14780
2160	Q9Y6R4
2160	Q7Z3T8
2160	Q9Y275
33032	Q08188
33032	Q9P1Q0
33032	Q96IV0
33032	Q13144
33032	Q9UNN8
33032	P42338
33032	Q53HL2
33032	Q14344
444108	Q04760
444108	P07203
4369380	P78536
449021	Q8NBZ7
443884	Q8NBZ7
443884	Q9HC10
6419766	P31930
6419766	O60502
6419766	Q02878
6419766	Q16832
6419766	P52630
6419766	P14866
6419766	P00813
6419766	Q12830
6419766	P61218
9934347	P19235
9934347	Q9UNN8
9934347	Q8NC06
9934347	Q16584
9934347	Q9BYN0
9934347	Q5SRE7
9934347	Q01524
9934347	Q9Y5S2
9934347	Q9NWX6
9934347	P07741
9934347	Q04864
8064	Q9BWD1
5753	P48637
5753	Q9Y616
5753	P00414
123631	P54764
3696	P07602
3696	Q9NVV9
46937053	Q9NSA0
8226	P11597
8226	Q12906
8226	Q14790
8226	Q8IYT8
8226	O75688
974	Q9UMR2
123831	P02766
123831	P01730
123831	O15530
123831	O15146
5920	Q12906
656986	P15954
11304412	Q9UGP5
119031	P05026
119031	Q15078
119031	Q15223
16122642	Q9UEW8
446978	Q53EL6
9600423	P60568
439407	Q9Y5K5
439407	Q09013
439407	Q9UBV7
5289159	P04080
72886	Q494W8
72886	Q9BYF1
72886	Q9HCM2
72886	Q9NY33
72886	Q96QT4
72886	Q9UBT2
72886	Q13976
72886	Q13625
72886	P31146
72886	P07205
446696	Q8NBZ7
446696	P22830
165323	P00156
165323	P16157
165323	P08238
165323	P54652
5327154	P18146
54746	Q9NRG4
54746	P10253
5405	Q9UBK8
5405	Q96QT4
5405	Q9UEW8
5405	Q9BQG1
387447	Q9ULH7
387447	O60271
387447	Q99467
5073	P00403
5073	Q9UBQ6
5073	Q7Z4J2
5073	Q14764
31275	Q08AH3
31275	P52952
31275	P09848
31275	Q9Y2U5
31275	Q9Y4D2
31275	P16083
31275	P19878
31275	Q9HCE7
31275	O76003
31275	Q96MW5
31275	P06401
31275	Q9Y3D2
31275	Q15493
5356	Q9H299
5356	P21964
5356	P17050
44144383	Q9Y2I1
44144383	P40261
44144383	P16591
23400214	Q04917
5757	Q92900
5757	P35914
5757	P22681
5757	Q9UM54
5757	Q13976
447077	P49411
447077	P19021
447077	P22681
447077	P10646
447077	P37108
447077	Q9Y259
447077	O00519
447077	Q8N4E7
447077	Q9BVA1
447077	P50336
447077	G5E948
447077	Q5T5U3
447077	Q8WZ73
447077	Q9HBL8
447077	P14324
447077	P07858
447077	Q05655
447077	Q9H5I1
447077	P35968
60149	Q8WVY7
60149	Q13011
60149	Q8IUH5
60149	P14927
60149	Q96RG2
60149	P46063
60149	Q15303
60149	O95363
60149	Q5VW32
5312137	Q9Y6M4
5312137	Q9UKV8
5312137	P22223
5312137	Q9ULA0
5312137	Q13976
5312137	Q6B0I6
5312137	Q9UNA0
5289214	P61927
4636	Q8NC06
4636	Q9ULA0
4636	O14976
4636	Q15796
5754	P01909
5754	Q9ULH7
5754	O43353
5754	P42338
4095	Q9UBC0
4095	Q9HAQ2
6083	P54727
6083	P06401
6083	Q9H8S9
6083	Q99496
6083	Q12830
6083	Q9Y5R8
6083	P21673
6083	P60568
6083	P15954
6083	Q99728
6083	P24666
6083	P00395
6083	O75460
6083	P00403
6083	Q99798
5459361	P16591
169148	Q96HD9
169148	P61218
169148	Q96CA5
169148	Q9BVA1
1567	Q92794
1567	Q16762
1567	O14976
1567	Q12882
1567	O75916
1567	P21673
1567	Q01959
1567	P24385
1567	P12004
1567	P23526
1567	Q6PHR2
1567	P53671
1567	Q14957
1567	P23368
1567	Q9UJ71
1567	Q01064
1567	Q9GZU7
1567	P43405
1567	Q99497
1567	Q86VW2
1567	P00750
1567	P62993
1567	Q9UKA1
1567	P08238
1567	P48147
1567	Q9ULH7
1567	Q9HBA0
1567	O00459
1567	P55895
51	Q9Y615
51	O00763
51	Q16831
51	Q13093
51	P48736
51	Q9Y2D0
51	Q13332
51	O43681
444972	P03372
10343728	P62158
10343728	Q14677
5452	P52788
5452	Q9Y3R4
5452	Q5FBB7
11675645	O96017
445840	P14927
445840	Q7Z4J2
16040261	Q15848
6409	P98153
6409	Q12809
8515	Q96D53
8515	Q13093
8515	P22830
8515	P13489
8515	Q14031
8515	Q9H8S9
8515	Q9UBQ6
8515	Q99584
8515	Q53HL2
8515	O15455
8515	Q9UBV7
8515	P51813
8515	Q9Y243
8515	Q99574
8515	O14578
14611919	P19971
14611919	P47736
14611919	P78527
439190	O60563
23647657	P11172
439153	P08709
439153	Q96ES7
439153	P01730
439153	Q15067
439153	P56524
439153	O00255
439153	Q9NQL2
439153	P21912
439153	Q8IYT8
439153	Q9P1Q0
439153	Q05940
439153	Q9Y286
657141	P60568
657141	F8W6W8
445354	O43414
445354	Q9UPY3
4011	P24385
4011	P16930
4011	P19525
4011	Q9Y6R4
4011	P34896
588963	Q9Y243
3295	O00763
3295	O76003
3295	P48736
10531	O60563
10531	P43490
10531	P19525
10531	P78527
10531	Q01167
6918852	Q99685
6918852	Q9UNN8
6918852	P14920
6918852	Q01968
6918852	Q6PHW0
6914621	Q9UJ68
5002	P49441
5002	Q9NXS2
5002	P25705
5002	Q96BT7
5002	P35228
6324617	Q99418
190	Q9NXS2
190	Q9UJY5
190	Q9BY41
190	Q96BT7
6540255	Q15046
447534	Q01959
47811	P09601
47811	Q9NRJ5
47811	P21695
47811	P16455
47811	Q15843
47811	Q9Y286
2913	P54619
2913	Q9H3S4
2913	Q01959
2913	Q8NC06
2913	P14625
11740154	P41743
16750040	P08253
448632	Q13625
447411	P04818
5289508	O60271
2726820	Q9UJ71
16362	Q9UK32
16362	Q14203
16362	Q8TD19
16362	Q9H2G2
16362	P78536
16362	P08574
46937120	Q9Y5P4
5287737	Q9H2G2
1372	Q92871
2353	P63316
2353	Q9UPP1
6013	Q9BZ29
6013	P50395
4543	P02774
4543	Q8IYT8
985	P01185
985	O14949
985	Q92820
985	Q99418
985	O14727
985	Q9NSA0
985	Q8IUH5
985	Q9NRR6
985	O00206
448537	P07311
448537	P55072
448537	P09327
227	P38398
6024	Q14831
6024	O95786
6024	Q86TI2
5862	O15455
5862	P23771
5862	Q3LIE5
5862	Q92820
5862	P48740
5862	Q5T5U3
1400	Q9H0P0
1400	Q96FJ0
1400	Q9H299
1400	P62913
1400	P14543
1400	Q9NZN4
1400	P29376
1400	Q9UGI8
1400	O60271
1400	O15455
11659487	Q3LIE5
6249	P56199
6037	P14625
447076	Q99593
3016	P54829
3016	Q96D53
3016	O14773
3016	P0DJD8
3016	Q9NRG4
2513	Q9GIY3
2513	P69905
2513	P24310
2513	P05981
2513	Q9BX84
2513	P52179
2513	P19021
2513	O00206
2513	Q9Y243
2513	P31930
4946	P37231
4946	P00451
4946	P27824
4946	P25705
4946	P08922
185914	P49792
11574606	Q12906
11574606	P14625
5288710	P09237
2803	P25054
5311	Q9UBT2
5311	Q01970
24894158	P56524
9543437	Q86SR1
2396	O95445
2396	P19235
2396	P22681
2396	Q5S007
2396	Q9HCR9
2396	O15550
2396	Q13822
2396	Q9UM73
2396	Q14432
5459373	Q9UBV7
5459373	Q9UJ41
447961	Q9Y478
447961	P17752
447961	P12694
447961	Q96LZ3
5035	O14786
5035	Q8TF65
3168	Q04864
3168	P37108
3168	P09619
101989	Q8TEK3
6005	P42338
170018	P04278
170018	O15146
170018	Q9NY33
170018	Q9Y6K8
170018	Q9HBL8
170018	Q14653
170018	P00451
170018	Q16665
170018	P41743
11524144	Q53HL2
11524144	P31323
11524144	P54760
11524144	P62888
11524144	P51649
11524144	Q05655
11524144	P16930
11524144	Q9H3S4
11524144	Q8TEA8
11524144	P56817
11524144	Q16623
3157	P47736
3157	P02766
3157	Q9H3R0
3157	P35247
22690393	P49792
46937045	P51512
24978486	O15144
10708341	Q86VW2
11395145	P25098
11395145	O43681
11500493	P23919
444795	P23467
444795	Q8TD19
444795	P49356
444795	P00813
444795	P00451
444795	P47985
9862248	Q08116
9862248	Q9H4P4
11143173	Q96JH8
446094	P37231
446094	P19021
446094	Q8TF65
446094	P62266
446094	P09960
11840904	Q99728
439750	Q9H7Z6
439750	P12004
439750	Q9NP99
439750	P62987
439750	Q99467
439750	P47736
439750	O14777
439750	Q8WUM4
1667	P05089
9543487	Q9GZX6
5288002	O15151
449005	P19878
449005	Q9UI42
449005	Q9NVJ2
449005	P48637
449005	P04792
449005	Q16762
11245700	Q15796
11245700	P09622
11245700	Q92793
11245700	Q10588
11245700	Q5S007
5287453	Q96IV0
60795	Q14432
60795	P04062
60795	Q14831
60795	O00255
60795	P22681
60795	P17676
60795	P15918
60795	Q8IWL3
1060	Q9P0L2
1060	P24666
446073	Q13976
446073	P50336
446073	Q05940
446073	Q01524
2014	P50479
46937096	P30153
4470790	P39687
6102824	Q9UJ71
24794406	Q05940
4848	P08236
4848	Q96L34
4848	Q8TCU5
5327155	Q14432
449126	Q08188
25011729	Q8IYW5
25011729	P00734
25011729	Q92871
5326888	Q7Z3T8
6140	P22607
6140	Q9P1Q0
10397869	Q96KP1
448009	P78536
448009	Q12866
448009	Q8WWV3
3715	Q9UGI8
3715	Q96QZ7
3715	Q16478
3715	P14625
87031	Q9Y5Y6
46937133	Q9UJ68
444732	P11498
444732	P34896
85466	Q99467
221493	Q14764
221493	Q30201
221493	Q08AH3
221493	Q6ZUT9
221493	P34913
221493	Q15768
221493	P24385
25134252	P22303
25134252	Q14839
6274	Q8TEK3
4708	P62753
16058637	O43414
444612	P04818
5288217	O60563
5312804	Q9NRK6
3372	P22681
3372	P13489
3372	P04637
3372	Q9NTG7
3372	Q9HBL8
3372	O75436
2370	Q9ULD4
6322	P15918
6322	Q86TI2
447562	P43490
5288067	Q01082
5287855	P22102
5287855	Q8NCD3
5287855	Q99418
80654	Q02127
10972974	P21964
10972974	Q16654
379	P98153
379	Q15768
379	Q04771
379	Q9Y2C4
379	P17050
379	P58753
379	P35222
4601	Q15796
4601	P04792
4601	Q01970
5960	P13929
5960	P14780
5960	Q9UHY7
5960	Q8N0W4
5960	P00414
5960	P01574
4469805	Q9Y3B4
45273683	P35247
9969613	Q16740
5280863	Q9Y286
11149707	P78536
11149707	P08519
9925908	P10109
9925908	P00403
17754054	P14174
3468	Q15493
3468	P18054
3468	P08294
5413034	P27707
2761494	P62753
45270264	P35625
45270264	Q8WUM4
24180719	O00519
24180719	P78527
24180719	P51659
5289247	Q13625
5289247	Q9NRG4
5289247	Q8WUJ0
448062	O75460
448062	P55212
11987846	P19174
6128	P22830
6128	Q8NCD3
6128	O95786
145742	Q9Y259
145742	P13497
24768547	P08238
125132	P27824
24768560	Q96ES7
3519	P51580
3519	P60174
3519	Q8NCW5
5833	P69905
903	P35968
5994	P55895
5994	O00763
5994	P43490
5994	Q96CA5
23644582	Q13464
23644582	P20702
44422489	P62829
44422489	P35222
6323527	P07686
24856363	Q9H2K2
24856363	Q13432
5326739	P14780
439693	Q9NWW6
447652	Q01167
3559	P13569
3559	Q16740
3559	P21953
24812721	Q9ULJ8
4893	Q15375
4893	Q01082
4893	Q9UM54
4893	Q15303
9547923	P20674
447958	Q14344
23586040	P36871
62452	Q13813
776315	P23919
445953	Q9Y5P4
445953	Q12809
1103	P12429
1103	Q16831
1103	P36222
1103	Q14344
10157080	P19971
5289529	Q02156
11840970	Q9GZX6
447701	Q8TAA3
5284627	Q9UPY3
128564	P06744
128564	Q15796
65249	Q07889
65249	P78527
65249	Q86XF0
65249	Q9H0N5
439356	Q9UMF0
6102812	O95786
5289419	P38398
5289419	Q16873
5289419	Q8NCW5
5289419	Q96T60
5289419	O95445
5289419	Q8N4E7
9933197	O14949
4184	P49441
4184	Q5SRE7
4184	P52952
4184	O94925
4184	P40926
4100	Q8NBZ7
4100	Q9NWW6
4100	Q9UK80
2812	P53355
2812	Q04917
1051	O95363
1051	P51451
1051	P05089
1051	Q08881
1051	Q9UMR2
1051	P40337
1051	P07602
980	Q9HC10
11963546	P49327
445883	P68036
11608401	P07741
5775	P00734
936	Q14203
936	P09619
447962	Q9NTG7
447962	P11172
447962	P14780
10403821	P09960
10403821	Q15796
447256	O95363
193653	P59998
193653	P18858
193653	Q96D53
65063	O15146
445992	Q14432
11963557	P20702
17754075	P35228
6090	Q12756
6090	P54727
6090	Q494W8
1986	Q9P0L2
1986	P52630
1986	Q7L266
92105	Q99714
92105	Q9UK80
92105	P54764
92105	Q9HB20
5566	Q13191
5566	Q6UX04
5566	Q14344
5566	O75460
5566	Q9UM73
5566	O96017
14205264	P36542
14205264	P35247
14205264	Q96BT7
3758	Q04917
3758	O15146
3758	P15927
3758	P01574
448503	Q86VW2
657085	P51580
65999	P56199
4369172	P51665
24180720	P54687
5288598	P61927
448903	P21953
3598	P58753
3598	O75581
3598	Q9NYY3
3598	P52630
3598	P18858
3598	Q9P286
6852128	Q9UJ68
5494422	Q12882
446399	O94925
446541	Q9UQM7
446541	P98153
447638	Q9Y6Y9
447638	Q96IV0
23270857	Q9UKG9
314123	Q9HAV4
1331	Q14831
3991	Q08116
439455	P22102
5288615	O15530
24178109	P55318
3337	P14543
11957417	P51161
12229396	P61927
24875302	P11717
97297	P00395
97297	Q9Y3Z3
13847	Q9UQL6
46937030	O95786
4485	Q9NRN7
5288139	P28838
447278	Q13976
111509	Q00722
8747	P35228
8747	P22303
8058	P54652
4369424	P35247
6305	Q9UG22
6305	Q14315
6305	Q9UMF0
6305	O14929
10367	P29377
2797541	Q96LZ3
4528	Q12866
79084	P13637
25011728	P36871
25174099	Q99685
2726	O60271
2726	Q08116
2726	Q9NRG4
2726	P10721
2726	P08253
2726	Q8IUH5
2726	Q96I99
2726	O15151
11507040	O14777
55245	Q99683
55245	P20702
55245	O95445
6914625	P08922
10430	P09619
23653500	Q16611
3973	Q9UMR2
11553058	Q7KZF4
688424	P15056
688424	Q8WVN8
688424	Q8IU57
2662	Q9UK80
2662	P56817
347590	Q6VAB6
4932	P15954
4932	P49356
4932	P16333
46937056	P54619
44308490	Q9BZ29
448011	P01185
449241	Q96C86
449241	P35625
6436219	Q9H2G2
6436219	O15144
6102822	P30153
2153	Q9H7Z6
2153	Q8WXI4
5484727	P38398
5288259	P29377
5288259	P51580
15906	O15146
15897928	P78527
3042	P09237
3042	Q8IUH5
447721	P11926
4369141	Q12809
5291	P29353
5291	Q9Y2I1
5291	Q9BX84
5291	P43026
1701	Q13332
6262	Q8NBK3
3386	Q8TEK3
3386	Q9BV79
4369285	P37108
338	Q96AT9
448002	O94972
448002	Q14344
5287610	Q9UMR2
5289339	P31645
165339	Q9Y6A2
165339	Q9Y259
165339	P62847
165339	Q99496
165339	Q9NSA0
165339	P13929
165339	P22607
165339	P55072
165339	Q8TD30
165339	P08100
165339	Q9NP99
165339	P12429
165339	P17540
165339	Q99798
165339	P08236
165339	Q9HCG7
448173	Q9H477
9547900	P54278
9547900	Q13191
11955614	P35228
22298966	Q92900
25113157	P00451
3520	P00750
3520	Q5SRE7
3520	P55789
5438	Q13526
6119062	P61927
24892821	Q9UGI8
439260	O60844
439260	P12429
439260	P20674
439260	P36542
9305	Q8TD19
5326979	P09327
25113125	P34059
5288988	P11217
24180718	Q08AH3
11069133	Q8NC06
11069133	P23467
11069133	Q16654
11069133	Q8TCU5
11069133	Q9Y376
11572962	Q9UBK8
5962	P35557
5962	P01241
23653507	Q96DU7
2435	P19883
11586735	Q08426
17754220	Q9H3D4
445463	Q16288
447655	F8W6W8
5289314	P07384
5289314	Q9NRJ5
5289314	Q494W8
6852154	Q13188
17758920	P51161
448087	Q14344
15627868	Q6JVE9
25220914	P63316
25220914	P21953
14899645	Q9UJ70
9547959	P06401
941361	Q9P286
941361	P51161
941361	Q9Y617
941361	Q9BY49
6914626	P05981
239	P53671
46937068	P08574
10917	O43854
4369413	P49792
3961	P22455
25271577	P48740
11481186	Q9UH73
444894	Q13813
444894	Q99728
11790	P02768
11790	Q14764
9549217	P05089
289	P09601
3339	O14727
5289289	Q05586
5327109	Q92753
5327109	P11597
25174101	Q2TBA0
25174101	Q9UJY5
6852209	O14578
40539	P00742
40539	Q9UPN6
46937152	P10145
10401956	P43405
46936633	O00519
16058639	P11498
4828	P00742
123982	P61073
444412	P78527
5326826	Q8IWL3
5593	Q9H6I2
3396560	P49721
5111	P78417
24894130	Q9Y5Y4
24894130	P04637
24894130	P00395
24894130	Q92753
23647358	Q9NWX6
445843	Q9HAQ2
445843	P53611
445843	O60610
447725	Q9HCE7
5289336	P22102
4488	P07858
187	O94972
187	O00519
187	P78536
187	Q9BZI7
5950	P52179
5950	P51813
5950	Q13418
5950	O15455
5950	P46060
1829	P25440
6006216	Q96AT9
10114365	P07203
1005	P15927
1792	Q14807
44629555	P49765
25021186	P19235
439246	P20674
9923	P11172
4149241	P42684
11507920	P56524
445018	P09874
445018	P56199
445018	Q14203
445715	P35557
259994	Q9UK32
1836	P08519
3342298	O15550
681	Q8IUQ4
10308106	P51649
439501	P17676
165331	P04183
165331	Q12830
165331	O43809
447733	Q9BRS2
134856	Q9NRN7
444853	Q9BZ29
24239	Q9Y4D2
441383	O15550
441383	P40926
441383	Q96C86
337359	Q14790
446237	Q6B0I6
16043304	P21912
654376	P62847
11171679	P52630
171548	P12429
4369496	Q86Y97
4369496	P11172
4369379	P09874
10062713	Q6ZUT9
100714	Q13526
644241	O60341
644241	Q9UGP5
644241	Q99496
644241	Q9H7Z6
644241	P05981
644241	Q9H0R8
644241	Q06278
644241	P22234
449156	Q30201
5288573	P12429
448605	P19878
448605	P09622
46937097	Q8IWL1
656917	Q9NY33
17749735	P35225
2386	F8W6W8
6102820	Q8WXI4
11634458	Q13144
24851688	Q13162
439278	P49356
439278	Q6UX04
6610318	P06401
36314	Q9NS18
5152	P49356
5152	Q07912
6057	Q5FBB7
1854	P19438
6603746	Q9Y5Y6
22489160	Q99497
3672	P01241
3672	P55318
23644529	Q8IUQ4
449087	O00443
449087	Q07889
5280343	Q14764
5280343	P34913
5280343	P16455
46937073	Q09013
60919	P51813
23647652	P06401
23647652	Q9BZI7
25190761	Q00722
444581	Q08426
24883477	O60610
445940	P52732
25113615	Q9UBK8
84815	Q9H0R4
84815	P07858
84815	Q8N4E7
5951	Q15848
24768528	P23381
11120251	Q9BZ29
5780	P13224
16115004	O75116
25011732	O14786
5289227	Q9Y4I1
448677	Q9Y243
5326827	P62753
312145	P20674
312145	Q9Y3Z3
312145	O43252
5212	Q9NQL2
11840955	Q9UK32
1337	Q16873
11655511	O43681
3117	Q16288
126941	Q16762
126941	Q02127
44129603	P15309
11840934	P07741
44129642	Q9Y6R4
44129642	P30613
44563262	Q96IV0
5280961	Q9Y617
5280961	Q96JH8
46937052	P35625
448326	P07919
263	P51570
193613	Q53HL2
23653503	P09601
46937112	Q05940
446805	P02751
5287870	P54760
6102821	Q8NCD3
6323220	Q8TAM1
25011730	P08514
447735	P61073
15209	Q16654
15942662	Q9BQG1
5494436	Q96LZ3
10286462	P04818
971	Q13432
971	Q8WUJ0
3561	P50395
10224181	P14780
5287989	O15118
1983	Q15078
9549303	Q9UK32
9549303	P46063
478379	P16083
5326866	Q92900
5289460	Q99685
49	P13637
16741245	P08236
23658582	Q5VVH2
24963035	P48637
447815	Q8IU57
5288596	Q8TEA8
9429	P35221
11840917	P62888
6102526	Q99714
24894153	Q9UKG9
446916	P0DJD8
446916	O75581
44129624	Q9NYY3
6329	P32969
6329	Q8IUH5
6860	O15144
24748051	Q9BZP6
697959	P35228
10400412	Q16877
448642	P08236
448642	P35225
447536	Q8TEA8
1993	Q9UQM7
6323452	Q9Y3R4
712	Q15223
447027	P58753
447027	Q9HCR9
4829	P07203
4829	O43809
5139	Q14524
11712628	P42345
23700	P43235
10249182	P35228
44129620	P23368
446274	Q16620
2477	Q9H0P0
9797919	O95149
60855	Q9NW38
445989	Q9BY49
62867	Q8NCD3
6852206	P30049
1535935	Q04917
16750106	Q92871
60164	P55087
1549107	P18858
2519	Q05586
656952	Q9ULV8
5287979	Q9HBL8
448288	Q9Y5S2
657096	O14777
3440	P00973
3440	P13489
448971	P69905
305	P78536
2079916	P24666
5287415	P50479
5327045	Q14524
447336	Q08188
23627203	Q9NY33
4369491	P61626
891831	Q8TF42
1135	Q01064
449003	Q9H5I1
23586145	Q9BRR9
90334	P46063
24752833	Q9UGJ1
657095	P13497
10477723	P23919
15602701	P09601
12106168	Q9P1Q0
11840933	P42684
15991588	Q3LIE5
119	Q86Y97
119	Q8IUQ4
680935	Q709F0
996	Q9Y275
996	Q92753
10219702	P21953
2756	Q8WUJ0
2520	Q9Y4D2
126569	O75688
449190	P48147
11516136	Q96CA5
445841	Q9Y3Y4
2734054	Q02246
6102762	O14929
16122567	P29376
448436	P62987
24905143	Q9Y243
24905143	Q709F0
896	O43353
11957393	P01024
9547909	Q14677
24963036	P07949
5287799	Q13822
152951	P14920
447029	Q08188
446871	Q6NYC1
16750123	Q9BVA1
766948	Q9Y286
4055	Q9Y259
447955	Q04828
6852168	Q7KZF4
2244	Q8IUH5
6323526	Q9UK80
447532	Q14315
656968	Q8NBK3
445756	Q8IYW5
790	P07205
5288222	P25440
12606920	P35869
11493598	Q9Y275
11493598	P36222
5828196	P22681
10132	P23771
11188898	Q9Y2I1
11188898	P62158
447653	Q96RG2
24963046	Q9BYN0
24963046	Q709F0
439216	Q9HCG7
1540	P07205
444617	P10599
24832041	Q7Z4J2
6914661	Q9BYT8
181426	P00414
65098	Q9BQG1
134497	P34913
5288016	Q9NTJ3
2763754	O60942
25113172	P55087
399618	Q14839
16122634	P78536
1514	P61073
6852165	Q7Z4J2
695906	Q5T5U3
16122638	P46063
439168	Q96I99
564	Q16654
76008	P29475
4369414	Q02763
17414308	P55789
9578243	Q9Y5S2
5328969	P63098
5287600	Q9UKG9
9991833	P81274
1746	P60174
1746	Q5FBB7
1369	P55809
637542	P01185
4469371	Q6PHW0
9543420	P07203
14357	Q13526
1045	P46934
46870043	Q9UHY7
6102708	Q14031
9886249	Q13490
6323197	P21695
11167118	Q14831
447956	P18858
9978312	Q8WZ73
23647361	Q15835
2083	P35869
443600	Q16513
9998128	Q16740
16070039	O95786
152441	P24385
11809364	P37108
11483970	P07919
104865	Q9BYN0
445459	Q9UKK9
