chemical_cid,uniport_accession
753,P35916
24779724,P08581
115237,Q9Y5Y4
983,Q9NRJ5
70815,P11182
6726,Q9Y5Y4
8172,Q12888
68841,Q9GIY3
7339,P43490
11338033,Q9Y6R4
10250490,P00742
2740174,Q9UQ80
440552,Q9NRR6
888,Q04917
11213558,Q96L34
8060,Q9Y5K2
24864821,P08581
753,Q9Y468
1628,P54829
712421,Q03405
5289613,P14174
30819,P23467
3151,Q12809
888,Q9UM54
10313,P35354
447911,Q92753
5289469,P42892
3540,Q9Y6R4
5329102,Q9Y6R4
5330812,Q9Y6R4
23994,Q02543
888,Q01167
446504,P51512
23994,Q9Y3Y4
888,Q9Y6R4
15295578,Q9Y6R4
750,P22303
5329102,Q9UQM7
753,Q8N4E7
736104,Q9Y5K2
114683,P02788
10976469,Q13526
2995,Q01959
5327066,Q9Y6R4
753,P11413
3702,Q9Y2D0
24752844,Q86TI2
9926791,Q16513
2818,Q9Y5Y4
2120,Q04828
9926933,Q9Y6R4
176870,Q9Y2U5
5330812,Q05655
23994,Q9UI42
11314340,Q9Y6R4
28864,Q9Y5Y4
6436135,Q9Y5Y4
5287969,Q9Y6R4
5329102,Q9Y2U5
23994,Q9UGI8
23925,P69905
9994066,Q9Y6R4
5329102,P22607
4541,P31645
4748,Q9Y5Y4
753,Q9UI42
446845,P31930
5288834,Q9Y6R4
440552,Q15768
5327110,Q9Y6R4
888,Q9Y6Y9
10039403,Q9ULZ9
1935,Q9Y6A2
62156,Q9Y5Y4
216239,P35916
8172,P54652
5362422,Q9UJ71
5656,Q01959
4636204,Q9ULZ9
23994,P09237
753,Q92753
23994,P47224
11992146,Q9BZL6
23994,Q9Y3D2
42615254,P00734
867,Q9UI42
5329102,P51451
71360,Q9Y5Y4
6287,Q9UI42
888,Q9ULW5
4078,Q9Y5Y4
5957,P14625
753,P35225
6386,P62158
2247,Q9Y5Y4
25134265,Q9Y5Y4
753,Q8IWL1
24905153,P42338
156422,Q9Y6R4
6119,Q9Y5K2
753,P22830
23925,P12724
5494425,Q9Y6R4
24905142,Q5S007
448841,P08519
6106,P28838
4456,P22303
23994,Q92794
3062316,P51451
24905142,Q9Y6R4
11291932,Q9Y6F1
3100,Q9Y5Y4
5171,Q9Y6R4
9648,Q9Y5Y4
3492020,P50336
753,Q9UJ70
87901,P07686
9750,Q95365
5329103,P14616
4917,Q9Y5Y4
5326843,P13569
753,Q9Y6R4
24905152,P42338
447700,P42684
888,P12694
273,Q9Y2D0
5362422,P78536
115015,P02766
5430,O14521
2159,Q9Y5Y4
643975,Q709F0
5288834,Q9UBV7
5330812,Q96L34
23994,Q13490
5329103,P51451
888,Q9NVJ2
10172943,Q9Y6R4
3034285,P31930
123619,P35354
70815,Q8NBK3
16757525,Q9Y6R4
449014,P00813
9547935,P08574
447873,Q9Y6R4
1140,P22303
702,P81274
23994,Q9ULW5
3964,Q9Y5Y4
15991573,P35968
60961,Q9Y6R4
3198,P31645
445990,P53611
124886,Q9NS18
2585,Q9Y5Y4
448123,P00734
90263,Q9NP99
753,P12694
753,P35354
1053,Q8TD30
5957,Q6VAB6
119607,Q9Y2D0
2801,Q494W8
441314,P10253
6914629,P0DJD8
888,Q9ULW5
12374,Q13976
5330812,Q9Y6R4
445154,P02766
5287844,Q9Y6R4
5761,Q9Y5Y4
216239,Q9Y6R4
1175,P11217
445713,P53611
5330812,Q9UK32
679,Q92793
24762195,Q9Y6R4
668,P05062
6604229,Q9Y2D0
19910,P07858
4917,P31645
24864077,Q9Y6R4
753,P54652
23994,Q9BX84
2585,Q9Y5Y4
23994,Q9ULD4
5281855,P14616
753,Q95365
5353305,P08519
888,P00734
3034010,Q9Y4D2
753,Q8TF65
446752,Q86XF0
753,Q16772
2160,Q9Y5Y4
753,Q9UKV8
2995,P31645
456214,Q16288
33032,P49448
444108,Q86VZ2
449240,Q9Y6R4
4369380,P42892
4205,Q9Y5Y4
33032,P43005
216239,Q16832
449021,P29475
443884,Q9Y5Y4
753,Q9Y6A2
6419766,Q9Y6R4
9934347,P14616
888,P15309
888,Q99593
8064,Q6JVE9
440552,P16871
5753,Q92753
888,Q5T5U3
123631,Q15303
8172,Q99584
3696,Q9Y5Y4
753,Q99584
1140,P69905
46937053,O15530
8226,Q9Y5Y4
974,P40926
5288113,Q92753
888,Q9UII2
23994,Q14653
70815,Q9Y5K2
123831,Q9Y3Y4
5164,Q9Y6R4
888,O60271
5330812,P51451
5920,Q9Y5Y4
888,Q96DU7
23994,P27694
656986,P22303
888,P50479
11304412,Q9Y6R4
8172,Q9Y5K2
119031,P08253
5330812,Q9Y6R4
16122642,Q9Y6R4
446978,Q9Y5K2
77918,Q9NXS2
23994,Q08426
23994,Q14203
9600423,P00734
11213558,Q15046
4926,Q99720
439407,O95782
5289159,Q9Y2D0
72886,Q9ULD4
5329103,Q14289
446696,P27707
888,Q02880
679,P60174
753,Q9UG22
12560,Q12809
5362422,P51512
888,Q9UGP5
165323,Q9Y2D0
5327154,P54829
54746,Q9Y5Y4
2216,Q9Y5Y4
23994,P16333
66644,P35354
28864,Q9Y5Y4
5405,Q9Y5Y4
888,Q9NY33
387447,Q9Y5K2
5073,Q9Y5Y4
31275,Q9UJ71
23994,Q9NXS2
5004,Q9Y6R4
753,Q9Y5Y6
9547919,P54829
5356,Q9Y2D0
5288834,P28838
753,P16083
888,Q08116
44144383,Q9Y2D0
23400214,Q9Y6R4
5757,P03372
447077,Q9Y6R4
60149,Q9Y5Y4
5312137,Q14289
888,Q9NRR6
679,Q9BV79
5289214,Q08334
23994,Q9BYT8
4636,Q9Y5Y4
753,Q04609
23925,P18054
888,Q9UEW8
5754,Q99574
124886,Q16873
23994,O94972
753,Q12794
4095,P31645
6083,Q9UKU7
3198,Q9Y6A2
5459361,P29017
5287844,P51813
169148,Q7KZF4
2856,Q9Y6M4
888,Q9NRN7
4158,Q01959
753,Q9UMF0
1567,P17676
51,Q9NWT6
5494425,Q16513
23994,Q9ULZ9
5494425,Q13188
444972,P16930
6083,P07205
10343728,P00734
5452,Q9Y5Y4
1547484,Q9Y5Y4
165323,Q9Y2D0
11675645,P52732
11492186,P43405
445840,Q9Y6R4
5329102,G5E948
5494425,Q13976
23897,Q9Y5Y4
23994,Q04609
16040261,P00742
5288834,Q8TF76
5957,Q9Y5Y4
6409,Q9BV79
5329103,Q9Y6R4
888,Q9Y2C4
8515,Q16288
5095,Q9Y5Y4
888,Q9UNN8
1935,Q9UKG9
24905142,P53671
14611919,Q9Y2D0
5494425,Q12852
439190,Q96AT9
447077,Q9P2K8
1567,P37108
23647657,Q9Y6R4
439153,P00414
753,Q16478
2249,Q9Y5Y4
753,P04818
657141,P11217
5479530,Q9NSA0
387447,P49721
753,P54652
445354,Q6JVE9
5289517,Q16478
888,P36542
3371,P02766
4011,Q9Y5Y4
588963,Q86VZ2
6038,Q9Y2D0
3396,Q9Y5Y4
5330812,Q9Y6R4
5329102,Q9Y6R4
72886,Q6UX04
3295,Q9Y2D0
10531,Q9Y5Y4
753,P55072
8172,P51649
5330812,Q16584
1694,Q9Y6R4
6918852,Q9Y6R4
6914621,Q9ULZ9
5002,Q494W8
124886,Q99714
9934347,P16591
888,Q9NRJ5
23994,Q9NVV9
700,P12429
753,Q02246
444965,P05089
23994,Q9Y3Z3
447077,P22455
6324617,Q9Y5Y4
190,P07741
6540255,P53355
23994,Q14432
447534,P51451
753,Q9HBL8
5330812,P53671
12374,P01730
47811,Q9Y5Y4
5578,Q86XF0
5288834,P60880
2913,Q9Y5Y4
11740154,P35228
753,P12724
23925,Q9UPP1
11314340,Q9Y6R4
16750040,Q92731
448632,Q9Y6A2
447411,P54829
23994,Q3LIE5
753,P56381
888,Q9UJ71
6419766,P51451
5289508,P22303
2726820,P08238
18794,Q9Y2D0
753,Q04912
16362,Q9Y5Y4
46937120,Q9Y6R4
124886,O76003
5287737,Q9Y5K2
23994,Q96CA5
888,Q01968
1372,P14555
23994,Q9ULA0
2353,Q9Y5Y4
1649,P35228
6013,P04278
753,Q04828
4543,Q9Y5Y4
3396,Q9Y5Y4
54369,Q86XF0
446504,Q9ULZ9
5288834,Q9BV79
445713,Q92696
23994,P00734
5330812,Q9UK32
447077,P42684
449162,P54829
5991,P31645
3038,Q9Y2D0
5405,Q9Y5Y4
983,Q9NRJ5
5957,O00401
985,Q6JVE9
448537,Q92731
227,P48147
23925,Q5VVH2
447077,P51451
667639,P36542
6024,Q9NSA0
888,Q9HAQ2
5862,Q99574
448537,P03372
1400,Q15303
33032,Q14831
753,Q9Y6R4
5330812,Q9Y6R4
888,P22455
888,P08581
2818,Q9Y5Y4
11213558,Q15303
753,Q9H4G4
6038,Q9Y2D0
11659487,P56817
439407,P31323
6918852,Q9Y6R4
11213558,Q9Y6R4
443884,Q9Y5Y4
6249,Q9NP99
208908,Q15303
23994,P30876
3295,Q9Y2D0
23994,Q8IYW5
124886,Q9Y2D0
6037,Q86XF0
447076,Q16822
3016,Q494W8
440552,Q9NRR6
888,O14949
23994,Q96CA5
888,P51570
68841,O00763
30819,Q13191
3034285,P08574
2513,P62993
4946,Q9Y5Y4
753,P69905
5405,Q9Y5Y4
10224714,P24385
185914,P09960
1567,P07384
5288834,P02511
23994,Q13490
11574606,Q9Y6R4
5288710,Q9Y6R4
5287844,P09619
2803,Q9NSA0
5330812,Q9Y6R4
5311,Q9BY41
679,P53611
24894158,Q9Y6R4
23994,P00156
9934347,Q9Y6R4
888,P49792
6918852,Q9Y6R4
888,P54762
5329102,P51451
9543437,Q9Y6R4
2396,Q9Y6R4
216239,P15056
5459373,Q04771
3055,Q9Y5Y4
447961,Q9Y6R4
5355,Q9Y5Y4
5005498,Q9Y6R4
2406,Q9Y5Y4
5035,Q8N8N7
156422,Q9Y6R4
23994,Q02878
3168,Q9Y5Y4
11314340,Q9Y6R4
3964,Q9Y5Y4
101989,Q92753
5487,Q9Y2I1
6005,Q9Y5Y4
123831,Q16637
68841,Q9UJY5
170018,Q99418
60961,Q9GZV3
8172,Q9HD89
448238,Q9Y6R4
30819,P14616
753,O94925
11524144,G5E948
23994,Q13191
679,P29017
3157,Q9Y5Y4
22690393,P09960
23994,P46063
5734,Q9Y2D0
447077,Q16832
46937045,O15530
24978486,Q96C86
10708341,P09622
753,Q08426
5957,Q9BYN0
11395145,Q92753
2353,Q99720
11500493,P56817
444795,P48443
888,Q9HCR9
16362,Q12809
30819,Q06124
9862248,Q92753
176870,P42684
11143173,Q9UNA0
8172,Q03405
5757,Q9BR01
30819,P22681
446094,P58753
110635,Q9HCR9
5957,P23919
11840904,Q86TI2
11213558,Q12852
439750,Q02221
1667,P16083
9543487,P00734
5288002,Q16478
5314,P22303
3964,Q494W8
5957,P31930
4976,P31645
888,P31323
6604229,Q9Y2D0
8515,Q9Y6R4
449005,P00414
23994,O14773
24762195,Q9Y243
11245700,Q9Y2D0
11987868,Q9H477
753,Q9Y5K2
5287453,P50336
24360,P11387
11213558,P54762
4946,Q9Y5Y4
60795,Q9Y5Y4
888,Q9ULW5
5005498,P35916
8515,Q9Y6R4
3100,Q9Y5Y4
5330812,Q8IYT8
888,P01024
1060,Q16822
446073,P50395
23994,O15550
2014,Q9Y5K2
46937096,Q8N0W4
4470790,P16083
447961,Q9Y6R4
6102824,P52732
24794406,P00742
679,P00742
1567,Q99574
753,Q9UBP6
445319,P35228
4848,Q9Y5Y4
5327155,P54829
449126,P00734
47811,Q9Y5Y4
25011729,P51451
888,Q8TEA8
170018,P05089
2585,Q01959
446094,Q12852
23994,O14777
888,Q9NWT6
5289418,P22455
2818,Q9Y5Y4
5881,Q9BR01
985,Q6JVE9
5035,Q9Y5Y4
28864,Q9Y6A2
2406,P49448
753,Q9BQG1
753,O43809
5326888,P08709
6140,P05187
753,Q8IUH5
10397869,P56817
448009,Q9H3D4
445383,P11217
3715,P10145
5329103,Q9UK32
888,P60880
87031,Q9Y6R4
23994,P47985
46937133,P55212
23994,Q9GIY3
18794,Q9Y2D0
5329102,Q9UK32
444732,Q9BY41
6726,Q9Y5Y4
8515,Q9Y6R4
888,P12694
23994,Q9UBE0
3034010,Q13093
85466,Q9Y6R4
23994,P62847
221493,P00414
11395145,P37231
8761,P05089
6726,Q9Y5Y4
5329103,Q9Y6R4
23994,P08294
753,P02766
23994,P49356
4926,Q9Y5Y4
2818,Q9Y5Y4
456255,Q9NSA0
170018,Q9NVJ2
25134252,P56817
753,O60341
3540,Q9Y6R4
129211,Q9Y5Y4
2913,Q9Y5Y4
5494411,P21673
8515,P36888
6274,Q96QZ7
4708,Q15303
16058637,Q9Y6R4
5288834,Q9Y6R4
888,Q96QT4
444612,Q9Y2D0
3198,Q9Y5Y4
5288217,P02766
5327013,Q16831
5312804,Q15067
3372,Q9Y5Y4
753,P06731
5287969,Q9Y6R4
23994,Q13822
439750,P47985
124886,Q9UJ71
156422,P42684
392622,Q9Y5Y4
2370,Q9Y5Y4
4114,Q9Y6A2
5288834,Q99574
6604229,Q9Y2D0
8172,P22303
1567,Q9BY41
6322,P35228
132519,P51512
5329102,Q9Y6R4
2406,Q9Y5Y4
9934347,P16591
753,Q9HBA0
447562,P53611
1567,Q99574
888,P25098
5494425,Q9Y6R4
5288067,P00734
5329102,P16591
439153,P51649
5957,P23381
5329102,Q9Y6R4
5287844,Q16288
2913,Q9Y5Y4
5287855,Q9Y6R4
80654,Q9BV79
10972974,P14927
5326843,Q9Y6R4
379,Q5VVH2
4601,Q9Y5Y4
11960529,P09874
124886,Q9H4Y5
753,P78417
5960,Q13029
23994,P05089
983,Q8NFM4
753,Q8IWL1
5330812,Q9Y6R4
5329103,Q13188
888,P54619
5452,Q9Y5Y4
888,Q9UBZ9
644213,P37231
24901723,Q9Y6R4
4469805,P16083
679,P0DJD8
888,Q08AH3
45273683,Q9Y6R4
2396,Q9Y6R4
6267,P01574
5289085,P08574
5329103,Q96L34
3016,P51161
888,P43405
888,P08238
9969613,P35228
446094,Q04864
23994,Q02156
4449,P31645
5280863,P35869
5355,Q9Y2D0
67361,Q9Y5Y4
11149707,P35228
6013,Q04828
23994,Q9H0R8
1567,Q9BZI7
9925908,P09874
4926,Q9Y5Y4
2513,P16930
753,Q9NTG7
17754054,P11498
170018,P37231
3062316,P51451
3468,Q9Y5Y4
5329103,P14616
9862248,Q92753
9549180,P03372
6083,Q9Y6R4
5413034,P21964
23994,P26368
2761494,P07858
5329102,Q9UK32
2170,Q9Y5Y4
45270264,Q9Y6R4
24180719,P15056
5452,Q01959
440552,P14210
5289247,P48736
888,Q9HAQ2
5862,Q9UGB7
1567,Q16478
2247,Q01959
5288834,Q9Y3B4
679,P08238
753,Q08881
444763,P54829
23994,P02511
445713,P49356
888,Q15835
447077,Q96D53
11149707,P35228
31721,P50336
8179,P22303
4543,Q9Y5Y4
448062,Q9Y5K2
11987846,Q92731
2776332,P09960
6128,Q16772
145742,Q9NW38
24768547,Q9UHL4
125132,Q9Y275
750,Q9NRK6
3647,Q16478
888,Q8TAA3
24768560,P09960
3519,Q9Y5Y4
446845,P14927
2179,Q12809
5833,P06401
903,Q9Y5Y4
30819,P52630
440552,Q9UBV7
5994,P51161
23644582,Q9Y6R4
24180719,P51451
44422489,P51451
6323527,Q9Y5K2
24856363,Q9Y6R4
10531,Q9Y5Y4
5584,P31645
5326739,P51451
23925,Q96LZ3
439693,P00813
447652,Q9Y6R4
445354,Q6JVE9
5002,Q9Y5Y4
3922,P48443
3559,Q9Y5Y4
387447,P49721
5957,Q9Y376
2723698,P07858
4634,Q9Y5Y4
888,Q92913
888,P07741
4449,Q9Y5Y4
4078,Q12809
643975,Q9UBK8
24812721,P08238
6604229,Q9Y2D0
4893,Q9Y5Y4
888,Q12756
888,Q07889
3494,Q9Y5Y4
9547923,P00742
753,P30049
447958,Q9Y6R4
72886,O75688
398148,Q9Y6R4
6230,P06401
2856,Q9Y6R4
11524144,P51451
23586040,P00734
62452,Q02127
6005,Q9Y5Y4
11957380,P00734
448580,P47985
776315,Q13526
753,P62987
2818,Q9Y5Y4
5957,Q9UKV8
753,Q9Y2U5
753,P69905
5957,Q9UBT6
61207,Q9Y5K2
753,P49959
5330812,Q13464
11524144,P51451
445953,Q9Y6R4
888,O15144
1103,Q9Y2D0
5494425,Q5S007
1935,P22303
2119,Q9Y5Y4
3715,Q8N8N7
753,P26368
753,Q9UQ80
753,Q14573
11524144,Q16620
23994,P68036
5957,P24385
10157080,P35228
11213558,P10721
5289529,P08519
888,P54278
4369524,P06401
867,P01730
4917,Q9Y5Y4
11840970,P43235
447701,P19021
67532,P19235
30819,P43405
5329102,Q9Y2U5
753,Q8TDZ2
2160,Q9Y5Y4
36811,Q9Y2D0
5329102,P10721
227,P14920
5284627,Q9Y2D0
446094,P09601
23994,Q99574
753,P55809
10258,P02768
128564,P09237
65249,P14854
449120,Q6UX04
439356,P23381
444108,P49356
124886,P48637
16362,Q9Y5Y4
6102812,P37231
4011,Q9Y5Y4
23994,P12724
1881,Q86XF0
643975,Q06278
753,Q53EL6
5572,Q9Y5Y4
4066,Q9Y5Y4
5289419,Q16620
3372,Q9Y5Y4
888,Q14344
9933197,P51512
888,Q9UMF0
888,Q9HAQ2
942,Q494W8
156391,P02788
8182,P53611
11213558,P51451
1567,Q9NVS9
15991547,P11217
2788,Q9NWT6
4184,Q9Y5Y4
4100,Q9Y2D0
888,O43683
2396,Q16288
170018,Q13107
5472,Q99720
750,P01909
124087,Q9Y5Y4
2812,Q9Y5Y4
51,Q5SRE7
3371,P35354
3510,Q494W8
888,Q9Y6M4
1051,Q9Y600
5287728,Q9Y6R4
16362,Q9Y5Y4
753,P07602
23994,Q9Y6R4
980,P05187
11963546,P0DJD8
888,Q08334
753,Q8NHR9
888,Q9Y259
753,Q9Y6R4
30819,Q8WUJ0
5327073,Q9Y6A2
4927,Q9Y5Y4
445883,P19174
23994,Q96BT7
23994,P62987
3468,Q9Y5Y4
5960,Q7L266
11608401,Q9Y6R4
5494425,Q9Y6R4
8761,Q9Y2D0
5775,Q9Y5Y4
888,Q6P587
936,Q8NCW5
444795,Q92753
23648296,P43235
446845,P00156
446094,Q04864
447962,Q9Y6R4
10403821,Q92731
447256,Q86TI2
60149,Q9Y5Y4
193653,P62987
448043,Q9Y6R4
65063,P12724
5355,P98153
23994,Q9Y2D0
445992,P53611
11963557,Q9Y6R4
5452,Q9Y5Y4
47811,Q9Y5Y4
17754075,Q9ULJ8
6090,Q9Y5Y4
5289419,G5E948
1986,Q9Y2D0
5312137,Q6PHR2
9750,Q95365
4636,Q9Y2I1
5734,Q9Y2D0
92105,Q9NRR6
54746,Q9Y5Y4
888,Q6ZUT9
21439,Q9Y5K2
5566,P63316
4946,P31645
5329103,Q9UM73
753,P25440
60795,Q9Y5Y4
156422,Q9Y275
888,Q9UDW1
23994,P63098
90263,P51665
5494425,Q9Y6R4
753,Q95365
14205264,P30153
445953,Q9Y6R4
3758,O60658
23994,Q16611
448503,Q9Y5K2
221493,Q9BV79
983,Q8NFM4
25210478,P02766
2247,P31645
1103,Q9Y2D0
13493,Q9Y5Y4
657085,P05089
888,P22102
888,Q9ULW5
65999,Q9Y5Y4
888,P54829
11245700,Q9Y2D0
4369172,Q9Y2D0
23994,Q9H6I2
3062316,Q9Y6R4
6140,P01185
11213558,P51451
3062316,P54762
23994,Q99798
11213558,P22455
31275,Q9GIY3
3100,Q9Y5Y4
72886,P43235
753,Q99574
888,P15954
4020,Q01959
31275,Q9UBV7
1053,Q8TD30
753,Q9GIY3
98487,P09874
753,Q92753
5288834,P19883
24180720,P15056
753,P25440
5035,Q9Y5Y4
5288598,Q16478
888,Q9UJ71
3758,Q14432
132302,Q9BV79
888,Q9BX84
448903,P00813
5957,P36542
3598,Q9Y6R4
888,Q9Y6R4
5288834,P54829
888,O60610
10450624,Q04828
753,Q16873
702,Q9Y5K2
4636,Q9Y5Y4
3157,Q9Y5Y4
5362422,P14780
753,Q99685
888,Q04917
72886,Q8NHP8
2801,Q9Y5Y4
753,Q9Y6R4
5329103,O96017
1103,Q9Y2D0
15391,Q9Y5K2
4436,Q9Y5Y4
6852128,Q9Y2D0
10972974,Q9UDW1
5494422,Q86TI2
43815,Q9Y5Y4
440552,P17050
446399,Q9Y5K2
753,Q16877
446541,P20839
447638,P24385
888,Q01064
23994,Q99496
5568,Q9Y5Y4
5326739,Q9Y6R4
4456,P22303
31275,Q14315
23270857,P16083
1400,O43353
314123,Q9Y6R4
753,P14866
23994,Q9UK80
5754,P04150
446504,Q9ULZ9
4893,Q9Y5Y4
1331,P29475
221493,P15954
5329102,Q14289
23994,P56524
753,Q9UDW1
3991,P22303
753,Q16740
92745,P48443
8515,Q9Y6R4
439455,Q9BRR9
5330812,Q9Y6R4
5288615,P08253
753,P08514
24178109,Q9ULZ9
5280863,Q99714
14925,Q99798
3337,Q9Y5Y4
5494425,Q9Y6R4
9925908,Q9Y6F1
888,Q96Q83
4174,Q9Y6A2
3696,Q9Y5Y4
5330812,Q9Y6R4
867,Q7L266
23994,P04637
11957417,Q9NYY3
753,P08519
3034010,O00519
1051,P34896
23994,Q7Z4I7
23994,P62888
3033538,Q9Y5Y4
12229396,Q9Y6A2
5288834,Q9NP99
24875302,P37231
5330812,Q9Y6R4
6409,Q9Y5K2
888,P54687
97297,Q8TF76
8172,Q13332
5312137,P51451
11213558,P35916
13847,P22303
46937030,P00734
23994,Q7Z4I7
1400,P51451
753,P69905
23994,Q9UPP1
5330812,Q9Y6R4
753,Q6JVE9
447077,P42684
753,Q8IU57
24417,P51161
5326739,Q9Y6R4
5288834,P00742
6083,Q8IV48
62258,Q01959
4485,Q9Y6A2
5329103,Q9UQM7
6230,P03372
5288139,Q9Y5K2
23994,Q14432
447278,P53611
111509,Q5VVH2
753,Q9Y275
4659569,P21964
1547484,Q9Y5Y4
8747,Q9Y2D0
8058,Q9NZD2
23994,P56817
11138,P69905
394347,P16083
23994,Q16611
643975,P11182
4369424,Q9UHY7
23994,Q9BV79
10257,Q9Y5Y4
888,P17540
123619,P02788
5487313,Q9ULZ9
448976,P08238
6305,P23381
23994,Q15436
165323,P98153
8182,Q9Y6R4
5401,Q9Y5Y4
9804302,Q9Y2D0
888,Q9NRR6
23925,Q16665
10367,P61626
5289247,O15146
1567,Q6MZZ7
2797541,Q04828
4528,Q01959
5312125,Q9Y5Y4
65999,Q9Y5Y4
5754,Q99574
79084,P69905
753,P55087
3598,Q92731
440552,Q3ZCW2
1567,P49441
888,Q14432
6409,Q9BV79
23994,O60658
439153,Q02221
25011728,P54760
2513,Q16478
753,Q9ULW5
753,Q9NRJ5
888,P49721
25174099,Q9ULZ9
2726,Q9Y5Y4
11507040,O60502
4926,Q9Y6A2
5870,P03372
5329103,Q9UQM7
23994,Q96HD9
753,P12724
41693,Q9Y5Y4
23994,Q9UJ41
753,Q9HB20
10531,Q9Y5Y4
1567,Q13432
888,Q9ULW5
55245,P04150
2913,Q9Y5Y4
4566,Q9Y6R4
5289419,Q9Y6R4
5330812,Q99683
5312137,Q9Y616
65249,P00403
8172,O00519
6914625,P0DJD8
3468,Q9Y5Y4
5329102,P14616
888,Q9NVP1
3559,Q9Y5Y4
888,Q9UMF0
6540268,P00734
439153,P09669
5957,Q14289
1567,Q8WVN8
753,Q99574
5073,Q9Y5Y4
439153,Q06278
10430,P0DJD8
3100,Q9Y5Y4
23994,P29017
5326739,P14616
23653500,Q9UI42
3973,Q9Y5Y4
3064778,Q13464
30819,P43405
11553058,Q12852
23994,Q9BQD3
888,Q9ULW5
688424,Q9Y2D0
3295,Q9Y2D0
753,P01024
5326739,Q9Y6R4
888,Q9ULW5
5358,Q9Y5Y4
23994,P43235
1103,Q9NUW8
888,Q15375
2662,Q9Y2D0
23994,Q9NYY3
170018,P04818
2733514,P29475
688424,Q9Y2D0
440552,Q86SR1
4917,Q9Y5Y4
2818,Q9Y5Y4
170018,Q13432
4735,Q9Y5Y4
888,O60658
347590,P29475
440717,Q16822
3062316,P51451
753,Q99728
888,Q8TF42
888,P00156
60795,Q9Y5Y4
4932,Q9Y5Y4
1567,Q8WTS6
16758228,P08519
132519,Q9ULZ9
888,Q16831
5312137,Q9Y6R4
5329103,Q9Y6R4
753,P04080
11213558,P53355
888,Q9Y5K5
132519,P51512
753,P43235
753,P23434
753,Q9BV79
46937056,P00734
750,Q8TCU5
44308490,Q02156
448011,Q92753
449241,Q13976
6436219,Q9Y615
750,Q9UQM7
888,Q9Y3B4
216239,O15146
16630,Q01959
6102822,P09467
2153,Q9Y5Y4
97032,Q9BR01
68841,P14921
888,Q9HAQ2
4748,Q9Y5Y4
9547935,P00156
5329102,Q9BZL6
23994,P55789
5484727,Q9BYF1
4926,Q9Y5Y4
24905142,P42345
5288173,Q6JVE9
3372,Q9Y5Y4
985,Q8NC06
25113614,P00734
5329103,Q9Y616
753,Q9Y2D0
5960,Q9Y5K2
5289419,Q9P0L2
888,Q9ULW5
3337,Q9Y5Y4
3016,Q9Y5Y4
5288259,P43235
11213558,Q9Y6R4
5329103,P29376
6083,Q8TF76
15906,Q16772
3964,Q9Y5Y4
2247,Q9Y5Y4
15897928,P03372
23994,Q9NRG4
2160,Q9Y5Y4
753,Q9Y5K2
5533,Q9Y5Y4
5002,Q9Y5Y4
5330812,Q16288
3042,Q9Y5Y4
753,Q9ULW5
643975,Q9UKU7
753,Q6B0I6
3062316,Q9Y6R4
2170,Q9Y5Y4
5329102,P35968
5494425,P43405
447721,Q9Y6R4
5472,Q9Y5Y4
24851689,Q9Y6R4
2170,Q9Y5Y4
753,Q9NP99
4636,Q9Y5Y4
23994,P08100
6305,P23381
1400,P42684
3696,Q9Y5Y4
11691442,Q9Y6R4
23994,Q9BV79
4369141,Q9ULZ9
456214,Q9Y6R4
24905153,P42338
68841,Q9HCE7
5291,P31645
24066,P61073
6083,Q08AH3
5002,Q9Y5Y4
1701,Q86TI2
5994,Q6JVE9
9934347,Q9Y6R4
753,P00734
888,Q13418
1060,P14555
5287844,Q9UK32
4044,Q04828
439153,P20674
4893,Q9Y5Y4
59768,Q9Y5Y4
753,Q9BY49
4368,P14780
5289419,Q5S007
6262,P05089
3386,P31645
5330812,Q9Y6R4
4369285,P21964
338,P02768
124087,Q9Y5Y4
3157,Q9Y5Y4
753,O15118
702,Q6JVE9
753,P08238
23925,Q9UPP1
33032,Q16478
448002,Q9ULZ9
753,Q99574
4566,Q9Y6R4
30819,P68036
760,Q9Y617
5287610,P23526
439744,Q8NHR9
679,Q9Y6R4
23897,Q9Y5Y4
6420121,P34913
5289339,Q9Y5K2
4735,Q16853
31275,Q9GIY3
165339,Q9UBQ7
753,Q99714
448173,Q5VVH2
5330812,Q9BZL6
753,Q08AH3
6119,P00734
92105,Q8NHR9
2801,Q9Y5Y4
23994,Q9BVA1
9547900,P37231
753,P53990
446504,Q9ULZ9
447682,Q9Y6R4
227,P62993
3825,P35354
4926,Q9Y5Y4
6852147,Q9ULZ9
11955614,Q14432
151170,Q14432
753,Q9UGP5
22298966,P11217
888,Q9Y478
3372,Q9Y5Y4
16362,Q9Y5Y4
11175137,Q9Y6R4
753,Q01524
25113157,Q04609
23994,P62913
37464,Q9Y5Y4
447077,Q16832
1188,Q06278
3520,P32418
753,Q9BQG1
3758,Q14432
4932,Q9Y5Y4
4011,Q9Y5Y4
8226,Q9Y5Y4
5438,P08519
5494425,Q13188
888,Q99418
712421,P01909
23994,P35222
43815,Q01959
11338033,Q9Y6R4
9934347,Q9Y6R4
449005,P14927
6419766,P36888
11245700,Q9Y2D0
5494425,Q9NYY3
90206,Q15223
753,Q9Y275
6119062,P08519
24892821,O00519
3062316,P10721
11338033,Q9Y6R4
439260,Q9Y5Y4
23925,Q9BY41
888,Q9Y6R4
115237,Q9Y5Y4
9305,Q6PHW0
60149,Q9Y5Y4
5757,Q92731
165339,Q99497
888,Q6JVE9
1051,Q9H477
23994,Q04721
439750,P15954
5326979,Q9ULZ9
30819,Q9Y6R4
11338033,Q9Y6R4
16078,Q9HBA0
11524144,Q04771
25113125,P00734
974,P40926
23994,P16455
888,Q9NP99
1175,Q06278
11213558,Q6PHR2
23994,Q9GZT9
702,P09874
379,O95445
888,Q16877
5288988,P43235
11574606,Q9Y6R4
888,Q99436
11524144,P42684
43815,P25098
60149,Q9Y5Y4
23994,Q13620
5494425,Q9Y6R4
24180718,Q9Y6R4
753,P10646
4932,Q9Y5Y4
4212,Q9NRK6
5287844,Q16584
24905152,P78527
21307,P21912
750,Q14957
11069133,Q9Y2D0
11572962,Q86TI2
3062316,Q9Y6R4
23994,Q9UI42
5329,Q86XF0
5962,P05089
2513,P02766
5291,P98153
23653507,Q9UI42
888,P05026
5862,P00451
156422,Q16832
2435,Q9Y5Y4
867,P40926
753,Q95365
11586735,P56817
17754220,P00973
888,Q13011
68841,P31323
3042,Q9Y5Y4
445463,Q08188
5326739,Q15078
447655,Q9Y6R4
5289314,Q9ULZ9
449005,P24310
446845,P08574
165879,P23467
983,Q9NWX6
6852154,P03372
17758920,P54829
8515,P51451
888,Q86VZ2
753,Q92913
679,P13497
888,P47736
888,P48047
448087,P42892
45270264,Q9Y6R4
15627868,P02766
888,O95149
5862,Q9Y4I1
8515,Q9Y6R4
23994,Q8IUQ4
753,Q08334
25220914,P00734
888,O15530
5957,P02774
985,Q9UMR5
82146,P37231
888,Q86VW2
1051,Q8TD30
753,P01730
867,P21912
14899645,Q92753
13472,Q9Y6A2
23897,Q9Y5Y4
68844,Q9Y2D0
448002,P14780
35370,P11217
9547959,P54829
23994,P29017
5566,Q9Y5Y4
888,Q92692
3702,Q9Y2D0
24905142,O75116
446541,P20839
23994,P62753
753,P54829
888,O43252
28864,Q9Y5Y4
4095,Q9Y5Y4
941361,Q9Y5Y4
6914626,P0DJD8
448110,P04183
2247,Q9Y5Y4
90263,Q96PD5
5362422,Q9ULZ9
446242,Q9Y2D0
5287844,Q07912
888,Q7L804
5330812,P16591
239,P25705
888,O75460
4184,Q9Y5Y4
30819,Q05655
5289314,Q9ULZ9
2153,Q9Y5Y4
5798,Q9ULW5
888,Q13255
753,P40337
23994,Q9ULZ9
46937068,P02768
448009,P48147
379,Q9Y6Y9
448400,P14324
23994,P08253
10917,Q9UKG9
3827,Q9Y5Y4
60795,Q9Y5Y4
2170,Q9Y5Y4
753,P46934
23994,Q13107
1567,Q16772
4369413,Q9Y2D0
3519,Q9Y2I1
3961,Q9Y5Y4
702,P16157
5312137,P62158
16750059,Q86TI2
888,P43490
446504,P51512
23994,P18146
261000,P06401
3055,Q9Y6A2
158397,Q16478
23994,Q9H361
25271577,P00734
11481186,Q3ZCW2
444894,Q8NFM4
51,Q9UPP1
1051,P11217
5757,P04278
11790,Q9Y5Y4
3386,Q99720
11213558,Q12852
379,P63316
5329103,Q9UK32
6419766,P08922
753,Q14764
9549217,P40261
289,Q6JVE9
6305,Q9UKV8
446242,Q9Y2D0
5287844,Q9Y6R4
753,O15455
23994,Q7Z3T8
3339,Q9Y5Y4
3062316,O43353
23994,Q9H3D4
5289289,P50336
53232,P20702
753,Q9Y600
753,P22455
5287467,P49356
6228,Q9ULW5
23994,Q9NTG7
5327109,Q9Y243
193653,P04080
68841,O60942
5287541,Q9Y2D0
11524144,O43353
4011,Q9Y5Y4
7054,P50336
5994,Q92753
124886,P78417
6102690,P03372
25174101,P51451
2968,Q9Y5Y4
23994,P60880
6852209,Q9Y6R4
941361,Q9Y5Y4
6419766,Q16620
2247,Q9Y5Y4
5326739,P07949
40539,Q16478
46937152,Q86XF0
10401956,P51451
2585,Q9Y5Y4
867,P51451
753,Q8WUJ0
679,Q5VVH2
753,Q9P1Q0
68841,Q9Y6R4
447962,P24385
643975,P50336
46936633,P11217
5289085,Q9UDW1
165339,Q9BY49
24905142,P42684
16058639,P54829
28864,Q9Y5Y4
4828,Q9Y5Y4
753,P48740
123982,P42892
444412,Q14749
679,Q9Y2D0
5288834,Q14653
446696,P18858
5287855,Q9Y6R4
753,Q9H4P4
4100,Q9Y2D0
23994,Q9NZK5
4932,Q9NRK6
753,P54829
888,Q15843
5329103,Q9P0L2
216239,P36888
11524144,Q9Y6R4
5192,P69905
679,Q9Y5K2
92249,Q9BY41
8063,Q9Y6R4
23994,P14854
72886,Q9UPY3
753,Q02880
24905153,P48736
888,Q14807
208908,Q15303
5326826,P03372
753,Q9ULJ8
122623,P48147
5593,Q9Y5Y4
24748050,P56817
888,P14927
15130,Q9Y5Y4
2801,Q9Y5Y4
23994,Q16772
5329102,P07949
165339,Q04917
440046,P14920
216239,Q9Y6R4
5329102,Q9UQM7
2733779,Q9Y2D0
3396560,P22303
443388,P04818
5253,Q9Y5Y4
867,Q9Y6K8
5111,Q9ULZ9
23994,Q9Y5K2
24894130,P36888
3151,Q9Y5Y4
23647358,P07858
445843,P00734
2403,Q09013
128600,P02766
124886,P04818
16758226,Q92731
5329102,P42684
447725,Q9Y6R4
2995,Q9Y5Y4
445501,Q5VVH2
5289336,Q9Y5K2
4488,Q9HBL8
11245700,Q9Y2D0
23994,P15918
888,Q99685
169148,Q16637
4011,Q9Y5Y4
1051,Q9GZT4
8226,Q9Y5Y4
187,Q9Y5Y4
5329102,Q9H2G2
1547484,Q9Y5Y4
643975,Q9UKU7
446094,Q3ZCW2
753,P20702
23644582,P51451
23994,Q9H3R0
2513,Q14315
2818,Q9Y5Y4
6083,Q14432
753,P07311
23994,P24310
5287969,Q9Y6R4
5950,P40926
5709,Q9Y5Y4
1829,P54829
6006216,P37231
888,P63165
23994,Q9Y6K8
10114365,P00734
1005,P12955
119607,Q9Y2D0
5733,P35354
1792,P08709
753,Q01524
2541,Q9Y5Y4
44629555,Q9Y6R4
443884,Q9Y5Y4
11790,Q9Y6A2
753,Q9NTJ3
2119,Q9Y5Y4
25021186,P29475
439153,P51659
23994,P15927
5405,Q9Y5Y4
5329102,Q9Y6R4
888,Q9GZU7
125132,Q14432
439246,Q9Y6A2
9923,Q9BV79
5950,Q9Y5K2
4908,Q9Y6A2
8172,Q9Y223
5362422,Q9ULZ9
753,Q95365
104758,P04818
11633167,P56817
119607,Q9Y2D0
753,Q9UPP1
60795,Q9Y5Y4
5210,Q01959
753,Q04828
753,Q03591
33032,Q05586
60149,Q9Y5Y4
753,Q8NCD3
753,Q95365
753,O00519
6419766,P07949
4149241,P34913
753,Q9BR01
2170,Q9Y5Y4
11507920,P56817
443884,Q9Y5Y4
2585,Q9Y5Y4
888,P31323
4919,Q9Y5Y4
216239,Q16832
753,Q9Y615
1400,Q16620
753,Q9GIY3
753,Q86TI2
439750,O14949
445018,Q9ULZ9
888,P35914
23994,Q08881
190,P11217
445715,P28838
1051,P11926
1567,O14727
8076,Q03405
259994,Q96RS0
1836,Q9ULZ9
165339,Q13162
5329103,Q9Y6R4
31275,Q9Y6I3
8515,Q9Y6R4
888,P00742
3342298,Q9ULZ9
681,Q9Y5Y4
60825,P27707
5494425,Q9Y6R4
5312804,Q9Y6Y9
10308106,P18054
9547890,Q9Y6R4
439501,P13637
447077,Q9Y6R4
165331,P22303
5330812,P07333
5284592,Q9Y5Y4
3468,Q9Y5Y4
447733,P08519
12374,Q15223
8223,Q9Y5Y4
68841,P12694
134856,Q3LIE5
6420119,P34913
446073,Q9ULW5
444853,P25705
24239,P35228
441383,Q9Y5Y4
753,Q9H2K2
337359,Q04828
16362,Q9Y5Y4
5287587,Q6UX04
2141,Q9Y5Y4
165331,Q9Y6R4
888,Q9BZX2
6287,Q9Y5K2
753,Q9BZP6
446237,Q9Y2D0
4100,P98153
16043304,Q9Y243
888,Q15835
456214,Q9P286
654376,P30613
23994,Q9Y2D0
379,Q6JVE9
753,Q9H0N5
753,P60174
68841,P25054
11213558,Q9P286
753,O75916
71360,Q9Y5Y4
11069133,Q9Y2D0
753,Q9HCN6
23994,P22681
11171679,Q9Y6A2
447950,Q04828
3675,Q16853
171548,Q9UPN6
187,P22303
888,Q8TF76
31275,Q9Y275
1567,P06744
6005,Q9Y5Y4
5329102,Q9Y6R4
5330812,Q9Y6R4
8172,P52179
165331,P11172
753,Q9HCE7
888,Q14432
4369496,P42684
9926791,Q12852
4369379,Q9Y6R4
107765,Q9Y5Y4
753,Q9UBC0
888,Q9ULW5
985,Q8IUR0
867,P07203
8223,Q9Y5Y4
5330812,Q9Y6R4
2585,Q9Y5Y4
753,Q9UI42
4893,P16083
888,Q96KP1
10531,Q9Y5Y4
60795,Q9Y5Y4
448002,Q9ULZ9
1567,Q92820
6128,Q16772
2708,Q16772
3559,Q9Y5Y4
156422,Q15375
2856,Q9Y6M4
1567,P68036
888,Q96RG2
11992146,Q9Y6R4
888,Q9NVJ2
448062,P00742
10062713,P43235
753,Q92913
2513,Q53H82
753,Q8WWV3
170018,P46060
23994,Q96FJ0
5289419,Q9Y6R4
100714,P34059
68841,P42684
888,Q14344
154575,Q14432
644241,P54764
110634,Q9HCR9
449156,Q04828
165339,Q96T60
5288573,Q8NHR9
980,Q9BR01
888,Q8N4E7
5472,Q9Y6A2
5326739,Q16584
448605,Q9Y5K2
3034285,P31930
2160,Q9Y5Y4
456214,Q9Y6R4
46937097,P14555
753,P51649
888,Q9NZN4
447638,Q9Y6R4
5356,Q9Y2D0
656917,P08100
11852,P02766
17749735,P56817
753,Q9BV79
20689,P22303
3386,Q9Y5Y4
2386,Q9Y5K2
6102820,P09467
439750,P20674
4205,Q9Y5Y4
449240,Q9Y6R4
11524144,Q9Y6R4
11634458,P00742
969472,Q494W8
657141,P11217
24851688,Q9Y6R4
3062316,Q07912
3702,Q9Y2D0
2905,Q9Y5Y4
23994,Q96I99
753,Q14677
5288371,P49366
5330812,P42684
439278,P13929
5287495,P02766
679,Q9Y5P4
5330812,Q16584
6610318,P07858
11069133,Q9Y2D0
36314,Q9BVA1
5152,Q9Y5Y4
6230,P04150
888,Q9NRK6
8078,Q9Y5K2
447077,Q15375
24905152,P42345
11213558,Q8TD19
439153,P15954
28864,Q9Y5Y4
3345,Q9Y5Y4
936,Q10588
5880,Q99714
28864,Q9Y5Y4
165339,P08294
3520,Q8NBZ7
23994,P08574
2812,Q9Y6A2
8172,Q99418
980,Q7Z4J2
753,Q9GIY3
6057,P01185
2801,Q9Y5Y4
753,P39687
60149,Q9Y5Y4
23653530,P08519
440552,P14210
4470573,Q16831
446934,P04278
5957,Q9HBA0
5687,Q9Y6R4
24466,Q86XF0
9821178,Q14432
64727,P04035
23994,Q9NZ08
1854,P54829
5288834,P02751
753,P11217
5329102,Q9Y6R4
23897,Q9Y5Y4
6603746,Q14432
888,Q13464
446845,P07919
12374,Q9C005
5287844,P51451
5329102,Q9Y6R4
668,P21695
22489160,Q16478
447077,Q15303
1567,P18848
165339,P35968
5734,Q9Y2D0
165879,P34059
753,P35222
444795,P48443
47811,Q9Y5Y4
679,P00734
5330812,Q16513
23994,Q9GIY3
6083,Q9H361
3672,P35354
31275,P08833
165323,Q9Y2D0
23644529,P05089
888,Q9UBE0
3672,P10145
17429,Q9BV79
2801,Q9Y5Y4
449087,Q9Y6R4
11524144,Q9Y6R4
4828,Q9Y5Y4
60149,Q9Y5Y4
888,Q9NVJ2
123831,P55895
1050,Q9H477
3151,Q9Y5Y4
23994,P61218
449005,Q02221
30819,Q9Y6R4
23994,P31323
7389,P61626
5280343,Q9Y6R4
23994,Q9H461
40539,Q16478
753,Q9HCR9
23994,Q9ULW5
216239,Q9H2G2
5753,Q05940
888,Q9ULW5
5327109,Q9Y6R4
16757525,Q9Y6R4
23994,P35625
6468,Q9UHL4
46937073,P69905
888,Q9NQL2
6386,Q9UM54
4158,Q01959
65094,O15118
5950,Q6UX04
5960,Q9Y5K2
5288834,P35228
2726,Q9Y5Y4
8226,Q9Y6A2
60919,Q9Y5Y4
888,Q9ULW5
23647652,P24385
753,Q9BWD1
216239,Q9Y6R4
11790,Q9Y6A2
273,Q9Y2D0
11213558,Q9Y6R4
25190761,Q9Y6R4
753,P51687
5005498,Q9Y6R4
702,P62158
23994,Q9Y5K2
4976,Q9Y5Y4
5288834,Q16623
440552,Q9Y286
2856,Q12866
444581,Q9Y5K2
5073,Q9Y5Y4
24883477,P11217
23994,P00414
23994,P42892
446018,Q9UI42
445940,Q9Y6R4
11338033,Q9Y6R4
440552,Q3ZCW2
65249,P00395
25113615,P00734
84815,P09327
67361,Q01959
165339,Q2TBA0
3157,Q9Y5Y4
68841,P01909
753,Q9H299
643975,O14521
753,Q9UBQ7
888,Q16654
5951,Q9H5I1
4927,Q9Y5Y4
8515,Q9Y6R4
39042,P69905
23994,Q9Y2D0
2170,Q9Y5Y4
643975,P21912
24768528,P08253
750,Q9Y3B4
92105,P02774
3062316,P54760
5330812,O43353
8172,P11597
5329102,P35916
23994,H3BLT4
25058136,P42892
8515,Q9P0L2
679,O00255
165339,Q9UBK8
1567,Q13813
60961,Q9Y5Y4
30819,P29353
190,Q9Y6R4
90206,Q13526
5957,P54652
854026,P22303
753,Q9Y3Y4
11120251,Q9UQ80
3696,P31645
5780,P02788
5329102,Q9BRS2
124886,Q9H4Y5
96876,Q9Y2D0
5329102,Q9UQM7
753,P24385
753,Q16853
448009,P17050
47811,Q9Y5Y4
23994,P23771
5960,Q9BZP6
16115004,Q9Y6R4
1567,Q3ZCW2
941651,Q9Y5Y4
444718,Q9UI42
25011732,P00734
535,Q05586
68841,Q9Y6R4
753,P13489
4748,Q9Y5Y4
5289227,P08238
5284596,Q9Y5Y4
644241,P10721
446094,Q12852
3372,P31645
5880,Q9BR01
888,P54760
151166,P35354
151171,P37288
448677,P00734
72194,P14625
753,Q9NRR6
5287541,Q9Y2D0
5029,Q9Y5Y4
176870,Q15303
156391,P35354
6419766,O96017
47811,Q9Y5Y4
888,Q9Y6R4
5326827,Q92731
24905142,P51451
753,Q99714
208898,Q12809
23994,Q86Y97
3062316,P51451
312145,Q15746
5572,Q9Y5Y4
441383,Q99720
439407,O95782
888,O43681
5212,Q9Y5Y4
11840955,P11217
221493,P24310
1337,P29475
5994,Q9Y6A2
750,Q6UX04
5312137,Q9H2G2
1986,Q9Y2D0
9958,Q6JVE9
8515,Q9Y6R4
68844,Q9Y2D0
5756,P03372
4369496,Q15046
5288834,P08236
888,P13637
33032,P49448
84815,P08294
753,Q30201
753,P14616
5288834,P53041
6106,P69905
11655511,P52732
3385,Q12882
1400,Q9UK32
753,P35228
3117,Q9Y5Y4
888,P49327
753,Q14031
126941,Q86XF0
753,Q8WUM4
44129603,Q9Y6R4
11840934,P43235
11992146,G5E948
23994,Q9ULW5
750,Q9HCN6
23994,P62266
44129642,P69905
82148,Q9Y5Y4
985,Q92753
5452,Q9Y5Y4
10403821,P03372
23994,O95786
23994,P60568
446073,Q92696
23994,Q9Y5K2
753,Q9Y2D0
23994,Q9NVJ2
44563262,P51451
1567,Q9Y6R4
23994,F8W6W8
445018,Q9ULZ9
5734,P98153
888,P10721
8515,P35916
119828,P02788
753,P02751
5329102,Q08881
985,Q9Y5R8
5288834,Q9BV79
5330812,Q12852
51,Q9UPP1
5280961,P03372
23897,Q9Y5Y4
5494425,P07949
4848,Q9Y5Y4
46937052,Q9Y6R4
888,Q08116
753,Q9Y3B4
6083,Q9H3S4
440552,Q3ZCW2
888,Q14344
448326,Q9Y6R4
8182,P29017
5287541,Q9Y2D0
263,Q92753
227,P62993
24752837,P03372
446073,P50395
24905153,P78527
2396,Q9Y6R4
39468,Q9Y5Y4
888,P14616
51,P49448
753,Q9UKG9
216239,P54762
702,Q14432
10531,Q9Y5Y4
888,P24385
888,Q8NFM4
23925,P07101
23994,Q9H7Z6
3559,Q9Y5Y4
2230,Q9Y5Y4
5281855,Q15796
753,Q9UPN6
5287844,P51451
5355,Q9Y5Y4
28864,Q9Y5Y4
4927,Q9Y5Y4
193613,P16455
5090,P35354
753,Q8WXI4
702,Q9NVP1
51,Q6NYC1
123648,Q9H4Y5
23653503,Q9UI42
23994,Q15493
3386,Q9Y5Y4
46937112,Q02127
446805,P00734
33032,Q14749
446753,Q86XF0
72886,P54687
5287870,P43235
888,Q9H0P0
23994,Q9Y5K2
2995,Q9Y5Y4
6102821,P09467
1986,Q9Y2D0
3337,P31645
448002,Q9ULZ9
8515,G5E948
753,O75581
6323220,P35228
4735,Q9Y5Y4
124886,Q16873
24905144,P78527
5572,Q9Y5Y4
9934347,Q9NYY3
24417,P16455
4601,Q9Y5Y4
25011730,P54760
14611919,Q9Y2D0
60961,Q9Y5Y4
753,P51451
2280,Q9Y5K2
60149,Q9Y5Y4
6914595,P21964
5288834,P61626
461278,Q9NPB1
447735,Q9Y5K2
15209,P04150
6038,Q9Y2D0
888,Q9ULW5
444795,Q6JVE9
115237,Q9Y5Y4
379,Q9UJ68
446758,P37231
23994,P68036
5330812,G5E948
888,Q9Y253
888,Q92900
753,Q9ULZ9
888,Q01970
68841,Q9HCE7
6862,P24666
4927,Q9Y5Y4
3485,P10523
4708,Q15303
888,Q9HAQ2
753,O00459
11524144,P07333
753,Q9Y6R4
145742,P51649
15942662,P03372
5312137,Q9Y6R4
11213558,Q9Y6R4
888,P56199
753,P51451
9782,Q92753
4541,Q9Y5Y4
753,O14949
5329103,Q9BZL6
753,Q14344
1150,Q9Y5Y4
447077,Q9Y6R4
888,Q9Y6R4
456214,Q9Y6M4
4566,P24385
60795,Q9Y5Y4
23925,P17752
9934347,Q15303
2764,Q9Y5Y4
2396,P41743
888,O43414
5494436,Q6JVE9
10286462,Q92731
2913,Q9Y5Y4
2801,P31645
6852147,P51512
447077,P35916
971,Q16822
3561,Q9Y5Y4
753,Q9Y3D6
3758,Q14432
31275,Q9ULW5
4197,P02766
6918852,Q9Y6R4
190,Q9BY49
444795,Q92753
5312137,P51451
6420159,P43235
124886,Q16772
10224181,Q9ULZ9
5287989,Q9Y6R4
5957,P54652
68841,P11217
753,Q9Y275
3198,Q9Y5Y4
888,P13929
753,Q9NP99
1983,P25440
9549303,P51451
97297,Q9Y6M4
60149,Q9Y5Y4
11213558,Q15303
124087,P31645
478379,Q9ULZ9
2662,Q9Y2D0
5330812,Q12852
1567,Q9Y2D0
14205264,Q3LIE5
3827,Q9Y5Y4
5960,Q7L266
3964,Q9Y5Y4
888,Q9ULW5
5326866,Q9Y6R4
11213558,Q9Y6R4
753,Q9H6Z4
5289460,Q9Y5K2
28864,Q9Y5Y4
5312137,P51451
440552,P17050
4184,Q9Y5Y4
2247,Q12809
9934347,Q9Y6R4
5329103,Q9Y6R4
12560,Q9Y5Y4
439750,P00403
49,P54687
4601,Q9Y5Y4
5073,Q12809
753,Q9Y3Y4
3559,Q9Y5Y4
11213558,P35968
6024,Q9NSA0
5330812,Q9Y616
25134249,P56817
753,Q9Y2D0
12374,P26368
753,Q14289
23994,O76041
23994,O15151
23994,P68036
440552,Q8IWL1
5280883,P35354
16741245,Q16654
25920890,Q14289
23658582,P35916
753,P42338
5330812,Q9Y6R4
24963035,P00734
753,P02461
4976,Q01959
6274,P40926
16757525,Q9Y6R4
445018,Q9ULZ9
8515,O14976
440552,P34059
679,Q04828
447815,Q86XF0
9750,Q9Y5K2
3520,P51649
888,P35916
3295,Q9Y2D0
2513,Q10588
5329102,Q8IYT8
449005,P15954
888,Q14524
447700,Q9Y6R4
679,P43235
888,Q9Y6R4
60149,Q9Y5Y4
5288834,P35247
447077,P07333
156422,Q9Y6R4
439278,P13929
3883,Q9Y6A2
5288596,P08253
9429,Q9Y5Y4
11840917,Q86TI2
11314340,O14578
3016,P02768
6102526,P08519
4189,Q9Y6A2
444020,P10253
753,P09874
23994,Q86U86
97297,Q9H477
154575,Q14432
51634,Q9HCG7
4168,Q9Y5Y4
24894153,P35228
5329102,P35916
753,Q9Y5K2
65249,P15954
888,P22234
446916,P09467
44129624,P09960
60795,Q9Y5Y4
23994,P54727
5494425,Q9UQM7
6726,Q9Y5Y4
3598,P49448
753,Q01581
5329103,Q9Y6R4
2726,Q9Y5Y4
6329,Q9Y5K2
187,Q9Y5Y4
5494425,Q9Y6R4
4011,Q9Y5Y4
23994,Q15796
6038,Q9Y2D0
68841,O95782
3676,P02788
753,P23381
888,Q9HAV4
6860,Q9Y2D0
68841,P38398
980,Q3ZCW2
24748051,P56817
888,Q9P1Q0
697959,P69905
753,Q9HCR9
4634,Q9Y5Y4
5287844,P51451
23994,P14324
5335,Q9Y6A2
439260,Q9Y5Y4
5287969,Q9Y6R4
753,Q9Y3B4
23994,Q9UH73
31275,Q9GIY3
23994,P04150
2662,Q9Y2D0
23994,Q12888
753,Q9NZD2
5288834,Q04828
753,Q9HCM2
10400412,P02766
4917,Q9Y5Y4
60726,P35354
888,Q9H0R4
5894,O60563
124886,Q16772
448642,Q9Y6R4
4946,P31645
5326739,Q9P0L2
447536,P51451
1993,Q9Y5Y4
6323452,Q8N0W4
20279,P27707
941361,Q9Y5Y4
11213558,Q9UK32
5152,Q9Y5Y4
712,Q99574
72886,Q6JVE9
445951,Q9Y6R4
656969,Q14432
535,Q8TCU5
5355,Q9Y5Y4
447027,P31930
888,O96017
6005,Q9Y5Y4
3016,Q494W8
6083,Q9Y6R4
5005498,O15530
5329103,P51451
5281040,Q9Y5Y4
72886,Q8NBK3
30819,P14616
82153,P04150
4848,Q9Y5Y4
4829,P50336
1082702,P09960
447961,Q9Y6R4
446094,P09601
169148,Q96ES7
5139,P29475
753,Q8TD30
4781,P02768
11712628,P20702
8076,P22303
23700,Q9UBQ6
2396,Q02156
5329102,P51451
444894,Q8NFM4
10172943,Q9Y243
888,Q8WVY7
6918537,Q86TI2
5494425,Q12852
888,Q9UN37
5311,Q9UQL6
10249182,Q9Y6R4
1935,P22303
5452,Q9Y5Y4
753,O00443
127716,P14410
448537,Q01959
12793,P51451
5288834,P43026
5291,Q16832
84815,P69905
753,P78417
5287844,Q9UQM7
753,P20936
44129620,P09960
23994,P78536
8226,Q9Y5Y4
446274,Q9Y2D0
8226,Q9Y5Y4
5280343,Q9Y6R4
447077,P54764
2477,Q9Y5Y4
7339,P07741
983,Q8NFM4
57030,Q02127
2513,P08709
971,Q16822
888,P29377
9797919,P35968
3748,P50336
5289457,P21912
5362422,Q9UNA0
888,P55318
5330812,Q9UQM7
23994,P78563
445843,P00750
753,P21953
11992146,Q9Y6R4
60855,Q9Y3R4
888,Q9BVA1
5329102,Q8IYT8
4100,Q9Y2D0
23994,P05187
11069133,Q9Y2D0
3598,P49448
23994,Q9Y2D0
445989,P53611
888,P52952
5287541,Q9Y2D0
62867,Q9Y5Y4
888,O95363
6852206,Q9Y6R4
5330812,P43405
5005498,Q9P286
68844,Q9Y2D0
23994,P27824
5329103,Q9Y2U5
1535935,Q13162
165339,Q16762
2396,Q13188
1400,P51451
5957,P25705
5139,P35228
6090,Q9Y5Y4
2818,Q9Y5Y4
440552,P34059
5288259,P43235
5288834,O00459
16750106,Q9Y6R4
6852147,Q9ULZ9
5329103,P35916
2726,Q9Y5Y4
23994,P53041
5329103,P07333
60164,Q92753
5329102,P53355
644241,P54762
5330812,Q02763
3696,Q9Y5Y4
23994,Q9Y2T3
221493,P00403
1549107,P50336
888,P13224
178,O14929
888,P00395
2519,P11217
656952,Q92731
5287979,Q9BY41
6329,Q9Y5K2
221493,P51161
644241,P54760
753,Q9Y6R4
448288,Q9UQ80
5312137,Q8IYT8
702,Q3LIE5
657096,Q99418
96,P16930
10257,Q9Y5Y4
5287844,Q12852
4477,P40763
11992146,Q9Y6R4
439407,Q14790
31275,O60271
888,P49721
5754,P04150
3440,Q9Y2D0
1530,P03372
72886,Q9Y266
3676,P02768
5329102,Q12852
448971,P08238
54746,Q9Y5Y4
342,F8WCM5
23994,P32969
753,P35557
55245,P06401
3598,Q9Y6R4
753,Q9Y2D0
69020,P61626
30819,Q92731
11668,P10145
305,P22303
4946,Q9Y5Y4
2079916,Q9Y6R4
5287415,Q9ULZ9
5326739,Q9Y6R4
23994,Q9UPP1
4829,Q9Y2D0
379,O00206
753,P52179
23994,Q04760
5327045,P54829
23994,Q9ULW5
124886,Q16772
5312137,Q8IYT8
68841,Q15848
23994,Q9H8S9
440552,Q3ZCW2
1986,Q9Y2D0
447336,P15309
23994,O15164
28864,Q9Y5Y4
23627203,P78536
3598,Q9Y5Y4
23647652,Q9Y6R4
4369491,Q9Y6R4
170018,Q01064
447077,P35916
891831,Q9Y2D0
1135,P19971
446242,Q9Y2D0
25220914,P00734
753,Q9HCM2
4919,Q9Y5Y4
23994,Q9Y5K2
23994,P61927
128564,Q9ULZ9
753,Q96IV0
9549303,Q9Y6R4
449003,P35557
23586145,Q9Y6R4
23994,P62829
23994,P51451
31275,P15927
8226,Q9Y5Y4
650361,P30613
90334,Q9Y6R4
4369567,Q8N0W4
10007,P31645
444732,Q9BY41
888,P19525
24752833,P00742
5312137,Q07912
657095,Q99714
447027,Q9UDW1
5329103,P07949
448043,Q13464
9875401,P00742
444795,Q92753
831616,P56817
888,P54652
941361,Q9Y5Y4
5957,Q9Y5Y4
23994,P08294
2160,Q9Y5Y4
23994,P31930
888,Q9NWW6
30819,Q9Y6R4
3372,Q9Y5Y4
3440,Q99574
888,Q01082
10477723,P42684
3168,Q9Y5Y4
23925,Q9Y5K2
11245700,Q9Y2D0
644241,Q9Y2D0
5329103,Q16513
9547915,P54829
753,Q13144
15602701,Q9Y6R4
888,P10109
753,Q01968
4011,Q9Y5Y4
165339,Q8NBK3
5289247,Q9Y6R4
1935,Q01959
867,Q12906
3062316,Q15303
23994,Q9NP99
12106168,Q9Y6R4
54746,Q9Y5Y4
11840933,P43235
15991588,Q14432
23994,P01241
125132,P51580
6038,Q9Y2D0
119,P02788
23994,Q9NW38
680935,Q9Y6R4
2247,Q9Y5Y4
753,Q5VW32
888,P00414
5280961,Q06278
5327159,Q9Y5Y4
379,P02768
5329102,Q9Y6R4
30819,Q9ULV8
888,Q9HAQ2
996,O95149
10219702,Q9Y6F1
2756,Q9Y5Y4
119,Q9Y600
5957,Q9Y6R4
221493,Q8N0W4
68841,P22223
44129642,P69905
447027,Q16134
31275,Q9NVJ2
23994,Q9Y5K2
24894130,Q9Y6R4
1567,O15455
6083,Q14432
2726,Q9Y5Y4
3042,Q9Y5Y4
6083,P11217
867,O14521
888,P13637
1400,P35968
5287969,Q9Y6R4
753,Q6UX04
5289159,Q9Y2D0
9547900,Q92753
30819,Q06124
5733,P35354
3002977,Q9Y5Y4
753,Q14315
23925,O76003
5330812,P35916
25134252,P56817
4369325,Q04828
14205264,Q5FBB7
753,Q96JH8
4601,Q9Y5Y4
2520,Q9Y5Y4
679,P08294
3038,Q9Y2D0
126569,Q16478
449190,Q14432
447873,Q9Y6R4
23994,Q9Y6A2
11516136,Q86TI2
1662,P04035
23925,Q5SRE7
5494425,Q14289
753,Q14155
11213558,Q9Y6R4
5312137,Q9Y6R4
5459373,Q9Y6R4
5288834,P62158
51,Q9NWT6
644241,P51451
888,Q9HC10
445841,Q9Y6R4
3869,Q9Y5Y4
3038,Q9Y2D0
8747,Q86XF0
5504,Q9Y5Y4
2396,Q13976
2734054,Q86TI2
6083,Q9Y6K8
10039403,Q9ULZ9
25174101,Q9Y6R4
124886,Q9Y5Y6
445958,Q9Y6R4
5329102,Q96L34
23994,Q15436
16362,Q9Y5Y4
5329103,Q8IYT8
888,Q9NWX6
30819,P16333
273,Q9Y2D0
6128,Q04828
6102762,Q16654
449193,Q14432
68841,Q15796
1567,Q9NVJ2
888,Q9Y5S2
753,O14786
753,P00451
23994,Q9GIY3
5957,P56381
5287467,P49354
5284570,Q9Y5Y4
3964,Q9Y5Y4
985,Q9Y6A2
16122567,Q9Y5K2
23994,Q99496
5957,P43405
8515,P16591
867,Q9Y3D2
448436,Q86TI2
3034285,P07919
24905143,P42684
896,P16083
11957393,P43405
4723,Q01959
447077,P09619
5281672,Q9Y6R4
156422,Q9H2G2
637090,P51161
9547909,P49356
24905152,P42684
24963036,P00734
888,P08574
753,P11182
888,Q9BZ29
3371,Q04828
24894130,P35968
888,Q8TAM1
5287799,P43235
3559,Q12809
152951,P00734
888,Q04917
55245,P37231
2247,Q9Y5Y4
5950,Q9Y3B4
5957,Q08188
119607,P98153
23994,Q9UMR2
447873,Q9Y6R4
14611919,Q9Y2D0
447029,P29475
446871,P54829
5212,Q9Y5Y4
3964,Q9Y5Y4
753,P09622
4828,Q9Y5Y4
16750123,P50336
126941,P04818
3064778,Q9Y6R4
11213558,Q9Y6R4
119031,P78536
766948,Q9Y6R4
3168,Q9Y5Y4
11524144,Q9Y6R4
6119,P36542
439750,P07919
4055,P50336
68841,O60729
1400,P54762
273,Q9Y2D0
447955,Q9Y6R4
6436219,Q9ULH7
702,P10599
888,P21953
6852168,P00742
23994,P51512
5288834,Q6NXR0
23925,Q04609
1174,Q16831
2244,P35354
5862,Q9UGB7
23925,Q9UKA1
753,Q12830
11314340,Q13976
439260,Q9Y5Y4
43815,Q9Y5Y4
5288834,P14555
3220,Q9Y6R4
2381,Q9Y5Y4
6323526,Q9Y5K2
3062316,P51451
448968,P08238
5566,Q9Y5Y4
5330812,Q9Y2U5
23925,Q6UX04
447532,P51451
5326739,Q9Y6R4
656968,Q14432
5287844,Q9Y6R4
445756,Q9Y5K2
11314340,Q9Y6R4
5329103,P22607
23994,Q9BV79
449241,Q16513
790,Q16831
643975,P50336
6322,Q8N159
5288222,Q9Y6R4
12606920,P40261
11493598,Q9Y6R4
2396,Q9H2G2
2726,Q9Y5Y4
23994,Q15843
6726,Q9Y5Y4
165339,Q96PD5
753,Q9H477
447962,Q9Y6R4
1567,Q9Y6R4
753,P02545
5494425,P29376
753,Q14031
5288834,Q9H477
2160,Q9Y5Y4
3062316,Q15375
4184,Q9Y5Y4
5790,P04818
5329102,Q9BZL6
5828196,Q9Y6R4
10132,P12724
24905143,P48736
753,P36222
499953,Q05655
11188898,Q9Y2D0
5289314,P08253
5288834,Q3ZCW2
6083,P54619
888,Q9BVA1
215436,Q14432
2726,Q9Y5Y4
753,P37231
449125,P54829
447653,Q9Y6R4
2160,Q9Y5Y4
24963046,P35968
5957,P30049
753,Q12866
23994,Q53HL2
439216,Q02127
23994,Q9BV79
448605,Q9Y5K2
447607,P04062
448002,Q9ULZ9
6305,Q9UKV8
23925,Q9Y3D2
1609,Q9Y5K2
447961,Q9Y6R4
4066,Q9Y5Y4
888,O75916
439153,P07919
888,Q9Y678
5330812,Q9Y6R4
888,P19878
90206,Q8NHR9
4184,Q9Y5Y4
8172,Q8NHP8
447077,Q9Y6R4
5288834,Q05655
753,Q9UGJ1
30819,P51451
1540,P24385
1567,P22102
3062316,P54760
753,Q99704
23994,P54760
68841,P35557
3157,Q9Y5Y4
444617,Q86XF0
4917,Q9Y6A2
24832041,Q86TI2
2541,Q9Y5Y4
5329103,Q16620
5757,Q9BR01
445843,P05981
11493598,Q9Y6R4
6914661,P23467
996,Q9UKV8
1615,Q9Y5Y4
888,Q12906
44144383,Q9Y2D0
9547935,Q9UDW1
23994,Q14432
753,P06401
441383,Q9Y5Y4
753,Q99574
30819,P40763
4168,Q9Y5Y4
3715,P35354
439153,P00156
5962,P05089
3042,Q9Y5Y4
181426,P35228
888,P08240
65098,P12724
1990,Q9ULZ9
5356,Q9Y2D0
12374,P04150
5005498,Q9UK32
448642,Q9Y6R4
888,Q9UBT2
24894130,Q9Y6R4
216239,Q9Y6R4
24856363,P04792
11188898,P34059
92105,Q9NRR6
23994,Q14839
5566,Q9Y5Y4
449087,P24385
644241,P15056
439153,P40926
5326843,P07333
134497,Q86TI2
312145,P42345
187,Q494W8
753,O75436
4449,Q01959
1935,P50336
5288016,Q9Y6R4
3396,Q9Y5Y4
888,Q9NRR6
5329102,Q9Y6R4
23925,P02788
16046126,Q9Y6R4
445154,P25705
165339,P31146
9804302,P34059
23994,Q8NFM4
3561,Q9Y5Y4
2513,Q9UI42
3468,Q9Y5Y4
5329103,P51451
888,Q9UJ41
2763754,P24385
643975,P29475
25011729,P54760
64727,P04035
439260,Q9Y5Y4
1567,Q14749
25113172,P43405
888,O75688
23994,Q9Y6R4
125132,P49765
5291,P09619
5073,Q9Y5Y4
23994,Q9GIY3
65124,P09622
6419766,P51451
888,Q00722
399618,Q9Y6M4
888,Q9GZU7
16122634,Q9Y6R4
3010818,P43235
97297,Q8TEK3
5312137,Q12866
4357,P34913
1400,P22455
2726,Q01959
6090,Q9Y5Y4
1514,Q9Y2D0
23994,P14543
5002,Q9Y5Y4
23994,Q9Y3Y4
2585,Q9Y5Y4
445154,P25705
3519,Q9Y5Y4
5287541,Q9Y2D0
3739,P02768
753,Q9NTJ3
447607,P09848
753,Q9BR01
123831,P35228
7302,P08581
2913,Q9Y5Y4
449005,P47985
5280343,P36542
6852165,P48736
888,P49411
5329103,Q12866
888,P23368
695906,Q16772
11213558,Q9Y616
16122638,P52732
5329102,Q9Y6R4
643975,P10109
6918852,Q9H2G2
439168,Q16877
564,P02788
54746,Q9Y5Y4
76008,P69905
888,Q9ULW5
44422489,P51451
985,Q6JVE9
753,Q9H999
753,Q9BV79
3337,Q9Y5Y4
68841,P36871
750,Q92871
5950,Q9Y3B4
3715,P02788
9934347,Q9Y6R4
11213558,P43405
3034285,P00156
70815,Q9Y5K2
24963046,Q9Y6R4
6083,P12724
753,Q8TCU5
23994,Q86TI2
753,Q9Y6R4
5288834,P43026
7504,Q9Y5K2
9549259,P00742
8223,Q9Y5Y4
4369414,Q9Y2D0
440552,O43854
3198,Q9Y5Y4
4917,Q9Y5Y4
17414308,Q9Y2D0
9578243,Q14432
195347,P69905
5328969,P51451
312145,P42338
165339,Q9ULV8
440552,Q9Y286
216239,Q9Y6R4
5329102,O96017
11069133,Q9Y2D0
24180719,Q9Y2U5
23994,Q8WZ73
5287600,Q9ULJ8
9934347,Q9Y6R4
65063,Q9NPB1
193653,Q14451
25011729,P54760
23994,Q8IWL3
98527,Q9Y5Y4
5287844,Q9Y6R4
9991833,Q9Y6R4
753,P35221
4601,Q9Y5Y4
753,Q99467
1746,P08519
23994,Q13625
753,P11717
2513,Q08334
1369,P02766
753,O60844
643975,Q9UKU7
5862,P61626
888,Q9ULW5
688424,Q9Y2D0
637542,P35354
39186,Q9Y6A2
888,P20936
753,Q13976
5284570,Q9Y5Y4
5957,Q9NRR6
5566,Q9Y5Y4
446916,Q05586
4469371,Q9Y5K2
5957,Q9UBE0
439153,P09622
439750,Q9UDW1
23925,Q6NYC1
888,P53355
888,P19438
96876,Q9Y2D0
9543420,Q9ULZ9
165339,P54829
5330812,Q9Y6R4
3396,Q99720
119031,P51512
679,P12724
51,Q9H3R0
62156,Q9Y5Y4
445840,Q9Y6R4
6024,Q9NSA0
5494425,P36888
8226,Q9Y5Y4
4369485,P00734
23994,Q8TDB6
10172943,Q9Y243
5287600,Q3LIE5
446094,P58753
447960,Q9Y6R4
753,O43324
14357,P69905
66827,Q9Y2D0
1045,P52788
5287855,Q9Y6R4
447048,Q9NTG7
46870043,P03372
6102708,Q9ULZ9
23994,Q9ULW5
9886249,Q12809
23994,Q9GIY3
23994,Q8NFM4
3038525,Q9Y6R4
6323197,Q9Y5K2
11167118,P15056
447956,Q9Y6R4
5288834,P68036
9978312,Q9Y6R4
5330812,P22455
888,Q9ULW5
2726,Q9Y5Y4
888,Q9ULW5
4543,Q9Y5Y4
123631,Q9Y616
5753,Q9NSA0
169148,P55895
23994,Q9UBE0
854023,Q494W8
23647361,P07858
644241,Q9Y6R4
2369,Q9Y5Y4
2083,Q9Y5Y4
1746,Q9Y5K2
6419766,Q16584
753,Q9UKK9
443600,Q96MW5
5330812,P51451
5566,P62158
5920,P12004
9998128,Q04771
888,P62987
16070039,P11217
35370,P61073
444698,Q9ULZ9
152441,P05026
702,Q9Y5K2
65856,Q01959
33032,Q13255
54477,Q9Y5Y4
26721,Q9Y5Y4
68841,Q9Y6R4
23994,Q13822
10343728,P00742
888,P59998
440552,O43854
11809364,Q9UQ80
44144383,Q9Y2D0
11483970,P37231
60961,Q9Y6R4
30819,Q14289
104865,Q9Y5Y4
4369452,P54829
753,Q96A44
5329102,Q9Y6R4
3468,Q9Y5Y4
448580,O14949
5327130,Q9Y6R4
867,Q9Y3B4
216239,Q9Y6R4
888,Q9UG22
23925,Q9GZT9
753,Q9GZX6
5330812,Q9P0L2
445459,P11217